house,district,office,year,TOT,DEM,REP,dem_pct,margin
wsa,1,WSC,2025,28055,13371.000000000004,14671.999999999998,47.68034803694328,-4.63731955088218
wsa,1,PRE,2024,39529,16597,22428,42.52914798206278,-14.751195324951304
wsa,1,WSA,2024,38929,14801,24101,38.04688704950902,-23.889645251611906
wsa,1,GOV,2022,32078.011299435027,14154.956214689266,17565.090395480227,44.624638761253166,-10.630753100492306
wsa,1,USS,2022,32115.005649717514,13427.004237288136,18636.00988700565,41.876924562481,-16.219849706809352
wsa,1,PRE,2020,38112,15986,21548,42.59071774924069,-14.59382871536523
wsa,1,GOV,2018,31211,13440,17283,43.74572795625427,-12.312966582294704
wsa,1,USS,2018,31099,15752,15322,50.69189676256678,1.3826811151483986
wsa,1,PRE,2016,33537,13390,18379,42.14800591771853,-14.87610698631362
wsa,1,USS,2016,33457,13103,19235,40.51889418022141,-18.328003108467584
wsa,1,GOV,2014,28650,11832,16547,41.69280101483491,-16.45724258289703
wsa,1,PRE,2012,33807,16721,16699,50.0329144225015,0.0650752802674015
wsa,1,GOV,2012,28830,11289,17387,39.36741526014786,-21.15157821713493
wsa,1,USS,2012,33372,16406,16015,50.603004225656214,1.171640896559989
wsa,10,WSC,2025,21637,18932,2684,87.58327165062917,75.09358968433702
wsa,10,PRE,2024,31061,25957,4449,85.36801946984149,69.2443900711503
wsa,10,WSA,2024,25222,24882,0,100,98.65197050194274
wsa,10,GOV,2022,24357,20914,3261,86.51085832471561,72.47608490372377
wsa,10,USS,2022,24496,20964,3488,85.73531817438247,71.34225996080993
wsa,10,PRE,2020,31921.64692482916,27004.80637813212,4456.449886104783,85.83511780751559,70.63657005268381
wsa,10,GOV,2018,28460.732056312023,23329.74474959612,4760.702284791138,83.05223737107755,65.24443021375741
wsa,10,USS,2018,28492.56104315717,24245.25294253404,4213.308100623125,85.19493626457894,70.30587672188852
wsa,10,PRE,2016,31650.519410664172,26000.156220767072,4239.393358278765,85.98063325249922,68.75325671640113
wsa,10,USS,2016,31168.752338634236,24996.66230121609,5667.798877455566,81.51671785644241,62.01359365867861
wsa,10,GOV,2014,28537.79875375029,22960.30325409647,5331.210477729056,81.15614976185633,61.77453604073331
wsa,10,PRE,2012,37250.51590559207,30820.65562751541,6108.755560316657,83.45829147059501,66.339752528069
wsa,10,GOV,2012,30662.433574347844,24617.505255849537,5889.976103321806,80.69333867985426,61.07646057224616
wsa,10,USS,2012,36150.62023154768,29191.183838528825,6483.258622310223,81.82660141240582,62.81475966600985
wsa,11,WSC,2025,12818,11477,1326,89.6430524095915,79.19332189109065
wsa,11,PRE,2024,24234,21042,2815,88.20052814687513,75.21251134769332
wsa,11,WSA,2024,20646,20392,0,100,98.7697374794149
wsa,11,GOV,2022,16051,14243,1636,89.69708419925688,78.54339293501963
wsa,11,USS,2022,16273,14510,1735,89.31979070483226,78.5042708781417
wsa,11,PRE,2020,24325.2832278481,21322.136075949365,2724.6890822784812,88.66923569182187,76.45315706902082
wsa,11,GOV,2018,21174.244972045613,18481.79630322812,2339.3408470432496,88.76458653454114,76.23627419771638
wsa,11,USS,2018,21221.443233873557,19170.218899464813,2022.3234653227175,90.45738151415513,80.80456755538056
wsa,11,PRE,2016,25261.64043060228,22214.9361425081,2377.0426953734855,90.33407310959507,78.5297118832502
wsa,11,USS,2016,24736.809634241938,21293.55503985531,2980.423798026275,87.72173355702579,74.03190432641352
wsa,11,GOV,2014,22792.917975271845,19949.05540107793,2658.1512760755686,88.24201806956604,75.8608623246982
wsa,11,PRE,2012,31561.98861027752,28478.706482173355,2937.7125729661116,90.64911704987738,80.92327205545703
wsa,11,GOV,2012,25051.53407331253,21943.00705095077,2989.796964017476,88.00858113582984,75.65688405136116
wsa,11,USS,2012,30332.19495288359,26618.00110219508,3305.1812004474737,88.95444619820536,76.85833464396657
wsa,12,WSC,2025,14988.845519310087,12169.014248218975,2806.8312710911136,81.25761068066612,62.461001182956934
wsa,12,PRE,2024,25554,20191,4959,80.28230616302187,59.60710651952728
wsa,12,WSA,2024,22856,18391,0,100,80.46464823241162
wsa,12,GOV,2022,17723,14062,3493,80.10253489034463,59.634373413079054
wsa,12,USS,2022,17890,14136,3723,79.15336804972283,58.205701509223026
wsa,12,PRE,2020,26026.15614045421,20294.455576616903,5319.989992735619,79.23050890041148,57.536216654773156
wsa,12,GOV,2018,22130.108823603103,16889.304813804105,4876.86933688228,77.59427401839248,54.28095981213538
wsa,12,USS,2018,22134.195361051618,17744.370896984,4347.54614221385,80.32064788899956,60.5254653997671
wsa,12,PRE,2016,25989.885645835573,19580.224644533377,5349.346289157416,78.54216463096803,54.75544813586439
wsa,12,USS,2016,25596.827517105936,18824.25900541742,6247.234294884587,75.08232070560658,49.135091847330756
wsa,12,GOV,2014,22325.9057437756,16221.569534469842,5897.25716106181,73.33829121120088,46.24364400663306
wsa,12,PRE,2012,30228.082224824127,23242.006831881896,6795.967053317648,77.37541460256017,54.40649412108027
wsa,12,GOV,2012,24513.183147720796,17807.070156120644,6571.71196328984,73.04331311096375,45.8339421899006
wsa,12,USS,2012,29278.980333934964,21871.531099680833,6902.381361591919,76.01166900440828,51.125925723374145
wsa,13,WSC,2025,31533,19918,11593,63.20967281266859,26.400913328893544
wsa,13,PRE,2024,40236,23836,15596,60.4483668086833,20.47917288000795
wsa,13,WSA,2024,39384,22540,16796,57.30119991864958,14.584602884420066
wsa,13,GOV,2022,33976.593173245674,19997.394008557356,13735.241443165442,59.28203871641475,18.430784197407245
wsa,13,USS,2022,33947.338127988834,19260.83080156744,14595.515880211842,56.88986760031373,13.742800403867744
wsa,13,PRE,2020,39678.68984518083,22545.24121260227,16392.871486783653,57.90018994155774,15.505475986793076
wsa,13,GOV,2018,34366.06094160828,16278.583018247302,17611.718803671265,48.03316035302796,-3.879221967536833
wsa,13,USS,2018,34293.69644980444,17996.742636054616,16235.972681813484,52.571764959179376,5.1343836813227846
wsa,13,PRE,2016,35928.716347798116,17355.43379706714,15890.003198896313,52.203957490991556,4.078716823571227
wsa,13,USS,2016,36037.37569801406,15649.932960598157,19778.83245053998,44.1729560118347,-11.457270153468357
wsa,13,GOV,2014,31526.15092578849,12011.456908791806,19266.162779785333,38.40272063023548,-23.011708242058678
wsa,13,PRE,2012,37582.70623930032,15816.18631553402,21408.627590507574,42.488288471919134,-14.880358107702014
wsa,13,GOV,2012,33531.33017523158,12481.810976745524,20895.487611210418,37.39610904655278,-25.09198588453189
wsa,13,USS,2012,37095.25813139267,15139.034816651709,21346.658400534063,41.49307161723545,-16.734277901220523
wsa,14,WSC,2025,20198,12556,7627.000000000001,62.210771441312,24.40340627784928
wsa,14,PRE,2024,31073,16765,13621,55.173435134601455,10.118108969201556
wsa,14,WSA,2024,29693,15637,12896,54.80321031787755,9.23113191661334
wsa,14,GOV,2022,23250.589510953225,13184.212320461163,9749.197386483973,57.48910645619551,14.773883184161734
wsa,14,USS,2022,23200.23978340431,12863.48392133317,10272.231566653552,55.60011285586809,11.169075746075713
wsa,14,PRE,2020,30103,16215,13258,55.016455739151084,9.822941235092847
wsa,14,GOV,2018,26100,13182,12230,51.873130804344406,3.6475095785440614
wsa,14,USS,2018,25898,14686,11135,56.87618605011425,13.71148351224033
wsa,14,PRE,2016,29577,13821,13354,50.85924563017479,1.5789295736552023
wsa,14,USS,2016,29239,13599,14704,48.04791011553546,-3.7791990150141954
wsa,14,GOV,2014,25757,11435,13956,45.035642550510026,-9.787630547035754
wsa,14,PRE,2012,32167.43468377926,16257.149667758362,15449.216664104892,51.27408640144541,2.5116488510688653
wsa,14,GOV,2012,26533.737494236007,11920.619940409322,14413.100465847683,45.267511603020324,-9.393627738948613
wsa,14,USS,2012,31466.32532071365,15471.954864797748,15171.257675254496,50.4906424043338,0.9556158416289873
wsa,15,WSC,2025,28683,13131,15538,45.80208587673096,-8.391730293205036
wsa,15,PRE,2024,39364,16818,21712,43.649104593823,-12.432679605731128
wsa,15,WSA,2024,38215,15598,22573,40.86348274868355,-18.251995289807667
wsa,15,GOV,2022,32052.60313520685,13743.62583424163,18054.97683452862,43.22084834167695,-13.450860705760798
wsa,15,USS,2022,31997.91745359885,12930.943617439225,19001.494937876458,40.494695057627084,-18.971707547031215
wsa,15,PRE,2020,38559,16288,21701,42.87556924372844,-14.03822713244638
wsa,15,GOV,2018,32080.446705651226,11016.1938380599,20665.29886719125,34.771700754598555,-30.07783874602838
wsa,15,USS,2018,31929.48289834749,12761.933326423388,19127.558547528904,40.01924325689079,-19.936512098775545
wsa,15,PRE,2016,34195.410327546626,12177.602373769429,19760.45446297729,38.12881427325391,-22.175058046019064
wsa,15,USS,2016,34242.42800163029,10883.222208935857,22773.415740468776,32.33603494590396,-34.72357021811312
wsa,15,GOV,2014,29296.06188993695,7806.828289407301,21296.249190322505,26.824751763261904,-46.04516795326935
wsa,15,PRE,2012,35321.06505088326,11410.395269698409,23642.895321865355,32.55156670639228,-34.63230804208452
wsa,15,GOV,2012,30677.308172701163,8131.254357015502,22435.211727087237,26.601879113675075,-46.6271593633512
wsa,15,USS,2012,34916.70696953163,10883.042801433372,23334.42827749078,31.805514721795596,-35.66025137170726
wsa,16,WSC,2025,13136,12157.999999999998,959.9999999999998,92.6818112517152,85.24665042630937
wsa,16,PRE,2024,23842,20219,3164,86.46880212119916,71.53342840365741
wsa,16,WSA,2024,20350,20079,0,100,98.66830466830467
wsa,16,GOV,2022,15627,14240,1233,92.0312802947069,83.23414602930825
wsa,16,USS,2022,15833,14493,1314,91.68722717783261,83.23754184298616
wsa,16,PRE,2020,22842,20326,2133,90.50269379758672,79.64714123106559
wsa,16,GOV,2018,20197,17920,1837,90.70202966037354,79.63063821359607
wsa,16,USS,2018,20277,18513,1713,91.53070305547315,82.8524929723332
wsa,16,PRE,2016,24214,20997,2112,90.86070362196547,77.99207070289916
wsa,16,USS,2016,23498,19778,3229,85.96514104403008,70.42727040599199
wsa,16,GOV,2014,20611,18377,2030,90.05243298868035,79.3120178545437
wsa,16,PRE,2012,31145,27752,3076,90.02205786946932,79.2294108203564
wsa,16,GOV,2012,21908,20104,1650,92.4151880114002,84.23406974621143
wsa,16,USS,2012,29692,25732,3397,88.33808232345773,75.22228209618753
wsa,17,WSC,2025,18551,16070.000000000004,2466,86.6961588260682,73.33297396366774
wsa,17,PRE,2024,29665,24599,4556,84.3731778425656,67.56446991404012
wsa,17,WSA,2024,24854,24469,0,100,98.45095356884204
wsa,17,GOV,2022,21830,18493,3108,85.61177723253553,70.47640861200183
wsa,17,USS,2022,22013,18708,3270,85.12148512148512,70.1312860582383
wsa,17,PRE,2020,30321,25315,4578,84.68537784765664,68.391543814518
wsa,17,GOV,2018,26192,21376,4395,82.94594699468395,64.83277336591325
wsa,17,USS,2018,26302,22317,3957,84.93948390043388,69.8045775986617
wsa,17,PRE,2016,29931,24324,4415,84.63760047322454,66.51632087133741
wsa,17,USS,2016,29484,23479,5531,80.93416063426405,60.87369420702754
wsa,17,GOV,2014,26965,21535,5185,80.59505988023952,60.63415538661228
wsa,17,PRE,2012,35082.360123563754,28882.351062263107,5980.221924492372,82.84629787146149,65.28103883862725
wsa,17,GOV,2012,29284.651527630907,23280.9616637603,5849.764043249341,79.9189209974205,59.523322666360315
wsa,17,USS,2012,34032.82821380498,27306.748531825702,6177.493057083087,81.55104382256847,62.08492383295903
wsa,18,WSC,2025,17254,14761,2476,85.635551430063245,71.20088095514085
wsa,18,PRE,2024,26936,22107,4255,83.85934299370305,66.27561627561627
wsa,18,WSA,2024,25308,20801,4431,82.43896639188333,64.68310415678837
wsa,18,GOV,2022,20152,16953,3010,84.92210589590744,69.18916236601827
wsa,18,USS,2022,20293,17054,3196,84.21728395061729,68.28955797565663
wsa,18,PRE,2020,27567,22809,4282,84.19401277176922,67.20716799071353
wsa,18,GOV,2018,24412.432658960464,19771.81677755221,4187.6570369716555,82.52191567565576,63.83697994497268
wsa,18,USS,2018,24434.432658960464,20538.741325685973,3854.698192535057,84.19780781773012,68.28086973008818
wsa,18,PRE,2016,27494.223450502283,22193.963863701672,3909.403556033824,85.02337459695674,66.50327964557884
wsa,18,USS,2016,27075.250873213372,21241.984430734992,5294.321287900558,80.04876283821777,58.90125715736985
wsa,18,GOV,2014,24591.861362745894,19564.142592429136,4796.732488837891,80.30968726354797,60.04998924547588
wsa,18,PRE,2012,33147.13923665167,27432.48541009197,5417.791147103227,83.50762393835443,66.41506558323596
wsa,18,GOV,2012,26969.82977908164,21608.142421326047,5232.716444156451,80.50466093361209,60.71757260355687
wsa,18,USS,2012,32319.366989054608,26032.93926711972,5787.684950641897,81.8115291798351,62.64124641839103
wsa,19,WSC,2025,27786,24378.000000000004,3393.0000000000005,87.78221886140219,75.52364500107969
wsa,19,PRE,2024,36680,28859,6932,80.63200245871867,59.77917121046893
wsa,19,WSA,2024,30848,30112,0,100,97.61410788381743
wsa,19,GOV,2022,28760,24084,4451,84.4016120553706,68.26495132127955
wsa,19,USS,2022,28884,24013,4823,83.27437924816202,66.43816645893921
wsa,19,PRE,2020,34592,27458,6354,81.2078551993375,61.008325624421836
wsa,19,GOV,2018,31064,23545,6685,77.88620575587166,54.2750450682462
wsa,19,USS,2018,31058,24843,6146,80.167156087644,60.200270461716784
wsa,19,PRE,2016,32970,23566,6550,78.2507637136406,51.61055505004549
wsa,19,USS,2016,32493,22662,8874,71.8607305936073,42.43375496260733
wsa,19,GOV,2014,24062,16355,7302,69.13387158135012,37.62363893275704
wsa,19,PRE,2012,34912,24309,9846,71.17259552042161,41.427016498625115
wsa,19,GOV,2012,24798,16852,7775,68.42896008446014,36.6037583676103
wsa,19,USS,2012,33831,22440,10398,68.33546501004933,35.59457302474062
wsa,2,WSC,2025,25476.43763808603,11159.51680908647,14308.14006235531,43.81838841876428,-12.358962026000853
wsa,2,PRE,2024,37971,14233,23163,38.060220344421865,-23.517947907613703
wsa,2,WSA,2024,36693,13474,23198,36.741928446771375,-26.50096748698662
wsa,2,GOV,2022,29233.10072849321,11452.905054736677,17446.616625236904,39.630085167372044,-20.503167372382837
wsa,2,USS,2022,29133.456597639917,10883.759893169496,18221.289363590044,37.39474823476474,-25.185921367857727
wsa,2,PRE,2020,35267.3095890411,13271.08493150685,21416.546575342465,38.258838539859326,-23.096351093270584
wsa,2,GOV,2018,27031.29656478726,10183.737956144369,16359.738588081354,38.3662552234882,-22.847593037702268
wsa,2,USS,2018,26866.609742450688,12213.660531827458,14635.949210623232,45.489154773512404,-9.015981927069971
wsa,2,PRE,2016,30593.35099140832,10871.612532975458,17797.73071408124,37.920689146206996,-22.639292384318665
wsa,2,USS,2016,30319.478356014224,10573.478254137472,18663.68985055201,36.16450887540488,-26.68321499934299
wsa,2,GOV,2014,24745.598554328888,8625.325864118106,15883.206277830614,35.19315564947698,-29.329985281131314
wsa,2,PRE,2012,30459.358646346045,13598.409507342569,16499.790998972698,45.1801412662173,-9.525418855062412
wsa,2,GOV,2012,25851.273635263016,8697.678641320797,17014.6647098088,33.82686098479893,-32.17244220084781
wsa,2,USS,2012,30004.35037144455,13218.647527991196,15795.424433396218,45.55943593709588,-8.588010983425153
wsa,20,WSC,2025,24092,16352,7723,67.92107995846314,35.81686867009795
wsa,20,PRE,2024,34013,19921,13517,59.575931574854955,18.82809514009349
wsa,20,WSA,2024,32811,20018,12740,61.108736797118254,22.18158544390601
wsa,20,GOV,2022,26880.347926784805,16831.17410632247,9743.580794866186,63.335199774766814,26.367193351667456
wsa,20,USS,2022,26853.15025158609,16445.284567928244,10339.04473127689,61.398903755324874,22.73937984721434
wsa,20,PRE,2020,33967,19787,13543,59.36693669366937,18.382547766950275
wsa,20,GOV,2018,28844,16574,11546,58.9402560455192,17.431701567050332
wsa,20,USS,2018,28658,18174,10410,63.58102434928632,27.091911508130366
wsa,20,PRE,2016,31531,16852,12446,57.519284592804965,13.97354983984016
wsa,20,USS,2016,31204,16864,13308,55.8928808166512,11.395974875016018
wsa,20,GOV,2014,25882,13646,11830,53.56413879729942,7.016459315354295
wsa,20,PRE,2012,33509,19409,13590,58.816933846480204,17.365483899847806
wsa,20,GOV,2012,28044,14750,13110,52.94328786791098,5.8479532163742745
wsa,20,USS,2012,32798,18642,13257,58.440703470328224,16.41868406610159
wsa,21,WSC,2025,22575,13456,9096.999999999998,59.66390280672195,19.30897009966778
wsa,21,PRE,2024,34227,17363,15978,52.077022284874474,4.04651298682327
wsa,21,WSA,2024,33009,15993,16923,48.58731316077288,-2.817413432700172
wsa,21,GOV,2022,25814.6520732152,13985.825893677533,11566.419205133816,54.73423505290395,9.372222727162177
wsa,21,USS,2022,25782.849748413915,13556.715432071758,12162.95526872311,52.709521788911495,5.4057645952592495
wsa,21,PRE,2020,33243,17082,15541,52.36183061030562,4.635562374033631
wsa,21,GOV,2018,26967,13271,13195,50.14358044283232,0.28182593540252987
wsa,21,USS,2018,26804,14830,11917,55.44547052005833,10.867780928219673
wsa,21,PRE,2016,29501,13838,13770,50.12315270935961,0.23050066099454258
wsa,21,USS,2016,29103,13416,14984,47.23943661971831,-5.387760711954087
wsa,21,GOV,2014,23930,10610,13046,44.85120054108894,-10.179690764730465
wsa,21,PRE,2012,31118.222643097644,15502.52904040404,15266.636363636364,50.383326414074105,0.7580531814852853
wsa,21,GOV,2012,25636.092171717173,11622.63468013468,13887.393097643098,45.56104282355724,-8.834257586290766
wsa,21,USS,2012,30458.015151515152,14893.478956228955,14828.371632996634,50.109527707631905,0.21376088661208548
wsa,22,WSC,2025,31598.279292676736,15356.100365511065,16224.797307229925,48.624648116844575,-2.749190655834827
wsa,22,PRE,2024,41726,18454,22596,44.95493300852619,-9.92666442985189
wsa,22,WSA,2024,40628,17014,23566,41.92705766387383,-16.12680909717436
wsa,22,GOV,2022,34597.435217167375,15416.2213504993,18886.914618412684,44.94114288696698,-10.0316490113441
wsa,22,USS,2022,34544.71162679743,14639.972942700564,19816.697068048183,42.488066717223774,-14.985576319970988
wsa,22,PRE,2020,39883,17382,21818,44.34183673469388,-11.122533410224905
wsa,22,GOV,2018,33199,12026,20678,36.7722602739726,-26.061025934516103
wsa,22,USS,2018,33075,14039,18998,42.49477858159034,-14.993197278911557
wsa,22,PRE,2016,34917,12973,19372,40.10820837842016,-18.32631669387404
wsa,22,USS,2016,35008,11690,22587,34.104501560813375,-31.127170932358318
wsa,22,GOV,2014,29972,8899,20826,29.93776282590412,-39.79380755371681
wsa,22,PRE,2012,35659.50238692063,12330.122294036277,22937.372921320493,34.9617182018282,-29.745930025021316
wsa,22,GOV,2012,31161.40085267446,9155.076245047308,21884.322720373504,29.49501778448238,-40.849403836200445
wsa,22,USS,2012,35146.496347708955,11761.121916585544,22506.361975249343,34.3215216900939,-30.572720399665766
wsa,23,WSC,2025,29845.20724121637,20500.383411857227,9329.632833481803,68.72401021591945,37.42895965871722
wsa,23,PRE,2024,39340,24879,13726,64.44502007511981,28.350279613624807
wsa,23,WSA,2024,38046,23804,14199,62.637160224192826,25.245755138516536
wsa,23,GOV,2022,33363.168029220426,21459.643265864714,11708.895743873776,64.6987895956588,29.226084026106125
wsa,23,USS,2022,33343.04899305315,20764.612807674763,12501.477801427056,62.4197566575299,24.78218176138987
wsa,23,PRE,2020,39950.35307517084,25131.19362186788,14218.550113895217,63.86621928372901,27.31551204926616
wsa,23,GOV,2018,34185.26794368798,18416.255250403876,15360.297715208862,54.52378538790833,8.939399100890395
wsa,23,USS,2018,34072.43895684283,20314.74705746596,13716.691899376874,59.694058435872265,19.364786789834387
wsa,23,PRE,2016,36252.48058933583,20112.843779232928,13639.606641721237,59.589284713818856,17.855984010693838
wsa,23,USS,2016,36222.247661365764,18115.33769878391,17652.201122544433,50.64742583848586,1.2785970118951384
wsa,23,GOV,2014,31190.20124624971,14102.696745903531,16884.789522270945,45.51094149378495,-8.91976539170914
wsa,23,PRE,2012,37334.22446076872,18052.10176043096,18953.22741809776,48.78243799248562,-2.4136718270757584
wsa,23,GOV,2012,32576.885525922775,14341.864909177835,18126.989853507028,44.171144975708714,-11.619051002641772
wsa,23,USS,2012,36769.20949813742,17127.7224882914,19119.681802140236,47.252273158805664,-5.4174657030626125
wsa,24,WSC,2025,29256.48615232628,13809.153774099746,15430.410992996322,47.227631068022916,-5.5415308949111894
wsa,24,PRE,2024,40800,18051,22074,44.986915887850465,-9.860294117647056
wsa,24,WSA,2024,39806,15887,23858,39.97232356271229,-20.024619404109927
wsa,24,GOV,2022,32994.787683027724,14258.024237037458,18461.688839246595,43.57625081795714,-12.740389914287793
wsa,24,USS,2022,32941.67278800635,13461.118816855593,19439.553971150755,40.91441808376249,-18.148547563959273
wsa,24,PRE,2020,39118.870786516854,16306.16713483146,22132.44943820225,42.421316344332006,-14.893789586019807
wsa,24,GOV,2018,32396.585262743003,10918.315864720467,21039.071012403205,34.16523355523858,-31.240191105332006
wsa,24,USS,2018,32216.664955270386,13129.667567496566,19049.157710649943,40.80219664331025,-18.37400038573823
wsa,24,PRE,2016,34566.75757576403,12149.405415891384,20131.607816572785,37.636381883060125,-23.09213522033668
wsa,24,USS,2016,34681.987150638066,10906.252994129112,23076.50945654916,32.09348566043791,-35.09100101317622
wsa,24,GOV,2014,29532.025355164067,8173.918155660422,21098.428783077292,27.923685698202167,-43.76438958040122
wsa,24,PRE,2012,35120.12243567349,11891.99192020125,22883.487880301873,34.19648553642444,-31.296861166224012
wsa,24,GOV,2012,30909.98197583355,8750.779987395392,22071.273461404093,28.391294570726384,-43.094471826036994
wsa,24,USS,2012,34690.908638298686,11457.778122826448,22426.345555893,33.81459184680754,-31.61798829609576
wsa,25,WSC,2025,23076.856743535987,10807.5034940601,12255.490566037735,46.860799885295776,-6.274628681322591
wsa,25,PRE,2024,32596,13541,18556,42.18774340281023,-15.385323352558588
wsa,25,WSA,2024,31736,12123,19587,38.23084200567644,-23.51903201411646
wsa,25,GOV,2022,25205.599908130454,10783.523197060174,14032.680293982545,43.45355727338564,-12.890616009001654
wsa,25,USS,2022,25125.18236104731,10265.60404225999,14796.24850711989,40.96107429422251,-18.03228489948777
wsa,25,PRE,2020,31710,13102,17993,42.13539154204856,-15.424156417533903
wsa,25,GOV,2018,25061,10349,14194,42.166809273519945,-15.342564143489879
wsa,25,USS,2018,24959,12465,12466,49.99799446472263,-0.004006570776071694
wsa,25,PRE,2016,28980,11179,15530,41.854805496274665,-15.013802622498273
wsa,25,USS,2016,28255,10955,15990,40.65689367229542,-17.819854892939308
wsa,25,GOV,2014,24004,9658,14026,40.77858469853065,-18.196967172137978
wsa,25,PRE,2012,30434.68862231975,15310.89182093387,14686.800683414958,51.04023190688489,2.050591498613935
wsa,25,GOV,2012,25223.743418837326,9640.93384190768,15366.809534662623,38.55179452513195,-22.700340697561987
wsa,25,USS,2012,29807.695636482884,14615.893907703176,14048.81052988258,50.989166623111984,1.9024730550674274
wsa,26,WSC,2025,20089.14325646401,11420.496505939902,8647.509433962263,56.908975112629356,13.803411308172064
wsa,26,PRE,2024,29734,15014,14224,51.350981599288595,2.6568911010963814
wsa,26,WSA,2024,28993,14887,14042,51.46047219053544,2.914496602628219
wsa,26,GOV,2022,22610.400091869546,11774.476802939826,10524.319706017455,52.80319410157447,5.5291241722516595
wsa,26,USS,2022,22566.81763895269,11379.39595774001,11122.75149288011,50.5702666054942,1.1372647617664267
wsa,26,PRE,2020,29133,14776,13742,51.8128901044954,3.5492396938180013
wsa,26,GOV,2018,23133,11309,11337,49.938178927845975,-0.12103920805775492
wsa,26,USS,2018,22970,12793,10138,55.78910644978413,11.558554636482372
wsa,26,PRE,2016,26478,12662,11808,51.74499387004495,3.2253191328650233
wsa,26,USS,2016,26284,12372,12903,48.94955489614243,-2.0202404504641613
wsa,26,GOV,2014,21418,9612,11537,45.448957397512885,-8.987767298533939
wsa,26,PRE,2012,28544.726536731618,15657.722291704982,12566.03865505186,55.47709364900992,10.831015083205353
wsa,26,GOV,2012,22941.108416296905,10021.110121914244,12776.013850924175,43.957782279264144,-12.008590339309427
wsa,26,USS,2012,28013.76748996505,14547.789346930316,12546.059170971612,53.69406763058427,7.145522917171898
wsa,27,WSC,2025,26925,10343,16568,38.434097580914866,-23.119777158774372
wsa,27,PRE,2024,38738,13283,24896,34.791377458812434,-29.97831586555837
wsa,27,WSA,2024,37657,12139,25477,32.27084219481072,-35.41970948296465
wsa,27,GOV,2022,31573,10999,20242,35.2069395986044,-29.275013460868465
wsa,27,USS,2022,31482,10377,21059,33.009924926835474,-33.930499968235814
wsa,27,PRE,2020,37538,12952,23953,35.095515512803146,-29.306302946347696
wsa,27,GOV,2018,30751.189685773443,10067.052367238066,20250.136736677177,33.20575773938745,-33.114440363099696
wsa,27,USS,2018,30562.19026763164,12115.068659267688,18413.121608363956,39.68485702250429,-20.607335056632124
wsa,27,PRE,2016,33750.41442369071,10898.12223170653,20593.271237977347,34.606668778242316,-28.7260146929201
wsa,27,USS,2016,33630.41908013667,10495.112918814604,22159.29219198418,32.139960544998196,-34.683419333477346
wsa,27,GOV,2014,29225.18037604223,8826.04596679786,20110.134409244372,30.501765789742592,-38.61084276385445
wsa,27,PRE,2012,34462.237660500636,13005.739333128888,21103.446974337952,38.12972615615226,-23.497335608274682
wsa,27,GOV,2012,30471.56922697233,8998.279284606655,21321.26729857301,29.678145944301882,-40.44093667174348
wsa,27,USS,2012,34060.203365880334,12403.69208541471,20555.38534840555,37.63361432164034,-23.93319022621211
wsa,28,WSC,2025,24056,9746,14299,40.532335204824285,-18.926671100764885
wsa,28,PRE,2024,37399,12595,23969,34.44645006016847,-30.412577876413806
wsa,28,WSA,2024,36256,12245,23979,33.80355565371025,-32.36429832303619
wsa,28,GOV,2022,26278.03433476395,9659.381974248929,16226.635193133048,37.31505666472462,-24.991417300174984
wsa,28,USS,2022,26272.03433476395,9199.330472103004,17050.703862660943,35.04502262657985,-29.88490838019637
wsa,28,PRE,2020,34397,12045,21527,35.878112712975096,-27.566357531180046
wsa,28,GOV,2018,23422,9138,13494,40.37645811240721,-18.59789941081035
wsa,28,USS,2018,23296,10477,12802,45.006228789896475,-9.980254120879122
wsa,28,PRE,2016,28702,9455,17046,35.67789894720954,-26.44763431119782
wsa,28,USS,2016,28141,10156,16891,37.54945095574371,-23.933051419636826
wsa,28,GOV,2014,19337,7578,11495,39.731557699365595,-20.256503077002634
wsa,28,PRE,2012,28188.008102743745,12146.003964057823,15509.004016446252,43.919726845207855,-11.930605526046673
wsa,28,GOV,2012,20584.00632153715,7890.002933752046,12587.003300471051,38.53103741583832,-22.818688905106438
wsa,28,USS,2012,27761.007980504077,12257.004033909065,14653.003789429726,45.54812512272361,-8.630809649286936
wsa,29,WSC,2025,22560,9659,12846,42.9193512552766,-14.126773049645386
wsa,29,PRE,2024,34124,11981,21475,35.81121472979436,-27.822060719728054
wsa,29,WSA,2024,33314,11675,21619,35.06637832642518,-29.849312601308757
wsa,29,GOV,2022,25249,9895,14948,39.830133236726645,-20.01267376925819
wsa,29,USS,2022,25201,9235,15937,36.68758938503099,-26.594182770524977
wsa,29,PRE,2020,32563,12126,19768,38.01969022386656,-23.46835365291896
wsa,29,GOV,2018,24423.998868900064,10089.99948802845,13741.999392777929,42.33803273696296,-14.952506034544971
wsa,29,USS,2018,24280.998845087433,12145.999404684244,12125.99944040319,50.041199664701494,0.08236878725070285
wsa,29,PRE,2016,28923.015945953284,10544.006747807478,16665.00807337125,38.75188725907239,-21.16308111505979
wsa,29,USS,2016,28487.01599344482,11307.00767137289,16096.00756430697,41.26191068437862,-16.811167213989986
wsa,29,GOV,2014,22147.999035588477,9453.999499934764,12418.999535653713,43.22223708121885,-13.38721403660278
wsa,29,PRE,2012,28631.75808116398,14347.480153537155,13914.290678865284,50.76638770663163,1.5129684787217212
wsa,29,GOV,2012,22561.993007274905,8926.609106201253,13486.381460586206,39.8278359132899,-20.209971490172418
wsa,29,USS,2012,28017.78118211195,13895.468953398122,13390.333072218798,50.92563869060013,1.8029117933929362
wsa,3,WSC,2025,25028,10669,14342.000000000002,42.657230818439885,-14.675563369026696
wsa,3,PRE,2024,37256,14094,22606,38.403269754768395,-22.847326605110585
wsa,3,WSA,2024,36211,12839,23344,35.48351435757123,-29.010521664687523
wsa,3,GOV,2022,28496,10866,17330,38.53738118882111,-22.68388545760809
wsa,3,USS,2022,28414,10352,18021,36.485391040778204,-26.990216090659537
wsa,3,PRE,2020,34938,13222,21163,38.45281372691581,-22.728833934398075
wsa,3,GOV,2018,26989.80631605753,9920.946676144802,16624.8603198855,37.37293304975959,-24.838687485327455
wsa,3,USS,2018,26842.80575872797,11947.930016185515,14892.875742542454,44.51405119349051,-10.971080120413212
wsa,3,PRE,2016,30362.57716826709,10656.875641553384,17887.722728015895,37.33412361798871,-23.81499780598237
wsa,3,USS,2016,30350.57231398484,10230.884855527169,19052.701823468135,34.93726696691029,-29.06639412488467
wsa,3,GOV,2014,24842.816754106378,8190.953150170944,16386.863652992724,33.326609990504124,-32.99106773577534
wsa,3,PRE,2012,30267.92387549222,12997.285329212116,16828.634842251322,43.57714784487198,-12.658117975978628
wsa,3,GOV,2012,26089.513814882102,8440.656246974215,17510.85851900419,32.52471512005781,-34.765700642746765
wsa,3,USS,2012,29787.881283133676,12492.22697431004,16237.533282394788,43.48183508212414,-12.573255118367188
wsa,30,WSC,2025,26308,14074,12220,53.5255191298395,7.047285996655011
wsa,30,PRE,2024,38265,17872,19564,47.74014317768992,-4.421795374363002
wsa,30,WSA,2024,37464,17117,20309,45.73558488751136,-8.520179372197306
wsa,30,GOV,2022,28568,14083,14181,49.826634588168695,-0.34304116493979464
wsa,30,USS,2022,28566,13722,14810,48.09336884901164,-3.808723657494928
wsa,30,PRE,2020,35928,17324,17713,49.44487256329024,-1.0827209975506569
wsa,30,GOV,2018,27361,12968,13584,48.84001205182284,-2.251379701034323
wsa,30,USS,2018,27255,14185,13055,52.0741556534508,4.146028251696943
wsa,30,PRE,2016,31676,13444,15564,46.34583563154992,-6.692764237908827
wsa,30,USS,2016,31130,13109,17036,43.48648200364903,-12.614840989399296
wsa,30,GOV,2014,22990,9748,12905,43.031828013949585,-13.73205741626794
wsa,30,PRE,2012,30690.405836740192,14220.605076289148,15920.784784707974,47.17965940479266,-5.539775907373312
wsa,30,GOV,2012,22593.13931823447,9526.445126767532,12999.694278780986,42.29062492803818,-15.373025869009115
wsa,30,USS,2012,30191.38181200575,14173.613055429278,15340.74208377053,48.02277735217884,-3.8657688330023365
wsa,31,WSC,2025,23358.74068031468,10111.100896209547,13235.795508895048,43.308115651718246,-13.376982327299864
wsa,31,PRE,2024,33855,12872,20513,38.556237831361386,-22.569782897651752
wsa,31,WSA,2024,32802,11965,20769,36.55220871265351,-26.839826839826834
wsa,31,GOV,2022,25446.67533688129,10126.770382285036,14929.385836926807,40.41629647296149,-18.873253150210434
wsa,31,USS,2022,25415.294482606703,9675.936727431805,15685.33708262093,38.15240827373759,-23.64481890737775
wsa,31,PRE,2020,32435,12738,19132,39.96862252902416,-19.713272699244648
wsa,31,GOV,2018,25237.92325923602,9388.34335526808,15297.541078879636,38.03122136584779,-23.41396184984848
wsa,31,USS,2018,25091.90699898075,11171.402984813583,13886.495585744076,44.58236173858439,-10.82059088231429
wsa,31,PRE,2016,27837.736282200007,9970.954521459633,15828.5392568661,38.64786885793966,-21.041886006916165
wsa,31,USS,2016,27634.652231248892,9821.919463772254,16899.642048972026,36.75653258170522,-25.61176643719938
wsa,31,GOV,2014,22053.734866615825,7518.234228263821,14257.478320206315,34.52577825652837,-30.55828925441616
wsa,31,PRE,2012,28409.823640568586,11932.353785723266,16108.40410530802,42.55360654691782,-14.699317997952821
wsa,31,GOV,2012,23150.240453581795,7865.842929322238,15163.35975934249,34.15594988529024,-31.52242346964989
wsa,31,USS,2012,27872.738590691337,11293.237935051036,15493.275727925951,42.16016342081873,-15.068622622814692
wsa,32,WSC,2025,24145.432669322712,9687.024701195218,14438.099601593625,40.15326337645194,-19.676909357829608
wsa,32,PRE,2024,36953,12435,23990,34.13864104323953,-31.269450382918844
wsa,32,WSA,2024,35709,11409,24257,31.988448382212752,-35.9797249992999
wsa,32,GOV,2022,26832.999500749134,9608.471064207755,16871.183278556484,36.286240521992845,-27.06634498370547
wsa,32,USS,2022,26768.584407563292,9246.03062501825,17450.656814345875,34.633625036883885,-30.650205720290014
wsa,32,PRE,2020,34778.8231511254,12130.971061093249,22057.90996784566,35.482211455897264,-28.543055823414736
wsa,32,GOV,2018,25176.89498792951,9060.318353913031,15361.618538847317,37.09909821525612,-25.02810687320776
wsa,32,USS,2018,25015.906046842792,10815.15727486219,14153.753262936149,43.3144940724988,-13.345892736494818
wsa,32,PRE,2016,28497.47793362612,9514.575514846196,17265.985216368583,35.52791747095958,-27.20033583174029
wsa,32,USS,2016,28339.47499313601,9515.564525802967,17745.96480058942,34.904734844023494,-29.042176246313332
wsa,32,GOV,2014,20776.17503742566,7134.421885381251,13389.7645755941,34.76104594424061,-30.108249853231587
wsa,32,PRE,2012,28692.162215573724,12178.54900201683,16135.607542594602,43.012225996661634,-13.791426769607252
wsa,32,GOV,2012,21397.8443593675,7561.353234017799,13700.491562709389,35.56301584508655,-28.690452297845653
wsa,32,USS,2012,28096.13879242801,11637.5338942447,15328.56724198483,43.15616052707532,-13.13715516217081
wsa,33,WSC,2025,26050.82665036261,10326.874402595233,15702.104889511327,39.67452694438509,-20.63362732806513
wsa,33,PRE,2024,36851,12720,23583,35.038426576316006,-29.478168842093833
wsa,33,WSA,2024,36083,10739,20555,34.316482392790945,-27.20394645678021
wsa,33,GOV,2022,28925.720399100017,10398.263496219635,18156.369128026465,36.41532928492429,-26.82078622335094
wsa,33,USS,2022,28923.101253374607,9890.079919764456,18928.886632332345,34.3179548159227,-31.251167132408685
wsa,33,PRE,2020,35662.176848874595,12544.028938906751,22508.09003215434,35.786792088840784,-27.94013706867148
wsa,33,GOV,2018,28326.52181176364,9597.496663880676,18158.018057139823,34.57870178358487,-30.220870215361472
wsa,33,USS,2018,28138.52555455996,11250.62350841478,16836.905254339883,40.055583399468084,-19.85278772014344
wsa,33,PRE,2016,30717.2243366254,9833.683333489613,19006.67413048495,34.09695370722498,-29.86269428666446
wsa,33,USS,2016,30580.30985145905,9652.716090751994,20043.613164968105,32.50474497245376,-33.97904443967018
wsa,33,GOV,2014,25173.32440702812,7964.438993349003,16968.89521436585,31.942936018900564,-35.76983347699162
wsa,33,PRE,2012,31534.930178891536,11855.592325410427,19355.395647013254,37.98531573523202,-23.782527118525078
wsa,33,GOV,2012,26767.49054789841,8911.068805471406,17737.457555876892,33.43925545690304,-32.97428548489193
wsa,33,USS,2012,31045.02048262457,11690.694515812404,18453.538585177692,38.782524261426374,-21.78398971632294
wsa,34,WSC,2025,27363,11996.999999999998,15338.000000000002,43.88878726906895,-12.209918503088124
wsa,34,PRE,2024,39968,15784,23652,40.02434323967948,-19.685748598879105
wsa,34,WSA,2024,39091,14027,25040,35.90498374587248,-28.172725179708884
wsa,34,GOV,2022,32585,13416,18763,41.691786568880325,-16.409390823998777
wsa,34,USS,2022,32502,12754,19683,39.319295865832224,-21.318688080733494
wsa,34,PRE,2020,38513,15597,22335,41.11831698829484,-17.49539116661907
wsa,34,GOV,2018,31332,12031,18616,39.256697229745164,-21.016851780926853
wsa,34,USS,2018,31179,14249,16890,45.75933716561226,-8.470444850700787
wsa,34,PRE,2016,34290,12539,19825,38.743665801507845,-21.248177311169442
wsa,34,USS,2016,33931,12763,19846,39.13950136465393,-20.874716336093833
wsa,34,GOV,2014,27925,11140,16389,40.46641723273638,-18.796777081468218
wsa,34,PRE,2012,34616.00483834732,15923.002197757767,18279.002607787203,46.5557568577859,-6.806101458073171
wsa,34,GOV,2012,28744.00388707903,11195.00142690243,17311.002460176605,39.27243352400161,-21.277484714032596
wsa,34,USS,2012,33869.004756341434,15357.002132153057,17128.002509380138,47.27412632879418,-5.228970824409856
wsa,35,WSC,2025,24492,9516,14966.999999999998,38.86778581056243,-22.256246937775593
wsa,35,PRE,2024,37223,12696,24019,34.57987198692633,-30.419364371490747
wsa,35,WSA,2024,36055,11616,24421,32.23353775286511,-35.51518513382333
wsa,35,GOV,2022,29341,10325,18579,35.72169941876557,-28.13128386898878
wsa,35,USS,2022,29230,9738,19456,33.3561690758375,-33.24666438590489
wsa,35,PRE,2020,35522.54010349289,12453.036869340232,22627.11513583441,35.4988110299616,-28.641190176300974
wsa,35,GOV,2018,29144.972931430948,10200.75794032829,17756.973514302634,36.48635783229342,-25.926308429765115
wsa,35,USS,2018,28836.000652185707,13003.696126773615,15816.28915820738,45.12041209663716,-9.753755610421571
wsa,35,PRE,2016,31929.6784774385,10900.06790213618,19322.04775595352,36.06652831804151,-26.376650988729217
wsa,35,USS,2016,31420.548152890697,11621.206697103084,18367.096392858184,38.75246512695591,-21.46967539499936
wsa,35,GOV,2014,26464.07807695835,9951.511522108249,16197.471337967168,38.056973670292685,-23.60165276755713
wsa,35,PRE,2012,32814.873141561,15075.52436485123,17322.376880880223,46.532410388273185,-6.847055316460415
wsa,35,GOV,2012,27386.225501667526,10271.58752945656,16887.69399681138,37.81980579833114,-24.15851891291836
wsa,35,USS,2012,32081.70837268963,14912.98926863567,15931.534227913156,48.34890469390547,-3.174846387371777
wsa,36,WSC,2025,23476,8219,15236.999999999998,35.04007503410641,-29.894360197648655
wsa,36,PRE,2024,36061,10944,24713,30.692430658776676,-38.18252405645989
wsa,36,WSA,2024,35190,10182,24905,29.01929489554536,-41.83859050866724
wsa,36,GOV,2022,28025,9088,18553,32.87869469266669,-33.77341659232828
wsa,36,USS,2022,27994,8644,19294,30.939938435106306,-38.0438665428306
wsa,36,PRE,2020,34096,10858,22824,32.23680304019951,-35.09502580947912
wsa,36,GOV,2018,26050,9144,16472,35.69643972517177,-28.13051823416507
wsa,36,USS,2018,25814,11160,14647,43.244081063277406,-13.5081738591462
wsa,36,PRE,2016,30280,9526,19566,32.744397085109306,-33.15719947159842
wsa,36,USS,2016,29624,9786,18691,34.36457492011097,-30.060086416419118
wsa,36,GOV,2014,23701,8992,14459,38.343780649012835,-23.06653727690815
wsa,36,PRE,2012,30826.5026013287,14491.22685804654,15956.268104964092,47.59415142576201,-4.752537989354666
wsa,36,GOV,2012,24742.446077775017,9195.162696174792,15377.281090104803,37.42062765978959,-24.98588205263633
wsa,36,USS,2012,29997.490380019794,14101.226094214731,15009.24671767351,48.44038839676978,-3.0269886312342176
wsa,37,WSC,2025,20857,8478.000000000002,12379.000000000002,40.64822361796999,-18.70355276406002
wsa,37,PRE,2024,31676,11116,20115,35.59284044699177,-28.409521404217703
wsa,37,WSA,2024,30589,9608,20977,31.414091875102173,-37.16695544149858
wsa,37,GOV,2022,24477,8923,15303,36.83232890283167,-26.06528577848593
wsa,37,USS,2022,24294,8699,15587,35.818990364819236,-28.352679673993574
wsa,37,PRE,2020,30490,11040,18994,36.75834054737964,-26.08724171859626
wsa,37,GOV,2018,23549,9396,13707,40.67004285157771,-18.306509830566053
wsa,37,USS,2018,23297,10707,12586,45.966599407547335,-8.06541614800189
wsa,37,PRE,2016,27073,9420,16046,36.99049713343282,-24.474568758541714
wsa,37,USS,2016,27080,10030,16170,38.282442748091604,-22.673559822747414
wsa,37,GOV,2014,22848,8908,13718,39.3706355520198,-21.052170868347336
wsa,37,PRE,2012,27925.638390149208,12770.908220850051,14832.735676048153,46.26529840969694,-7.383277783634884
wsa,37,GOV,2012,24556.66959506019,9894.93024784604,14494.73934721415,40.57016930582007,-18.731404442129268
wsa,37,USS,2012,27498.642061315208,12186.915563182049,14473.737511631152,45.711241690081664,-8.316126823099307
wsa,38,WSC,2025,23411.3018771544,9077.053078158875,14327.583306037777,38.78314078097752,-22.42733127542369
wsa,38,PRE,2024,34438,11687,22181,34.507499704736034,-30.472152854405017
wsa,38,WSA,2024,32948,10745,22163,32.65163486082411,-34.65460725992474
wsa,38,GOV,2022,26289.53603904175,9282.905882429905,16659.112975101725,35.783282455424015,-28.057578048230482
wsa,38,USS,2022,26118.25290000131,8938.525891326817,17160.984542921065,34.24786803509405,-31.481656461002554
wsa,38,PRE,2020,33290,11566,21106,35.40034280117531,-28.657254430759988
wsa,38,GOV,2018,25778.974529083986,9125.990649033572,16158.98415918374,36.09254396436154,-27.28189789789933
wsa,38,USS,2018,25555.97480821731,10780.989532500267,14758.985275717045,42.21221678351679,-15.565814933960914
wsa,38,PRE,2016,29478.943271758588,9547.981857793917,17992.96439253582,34.66831448349238,-28.647507669762245
wsa,38,USS,2016,29411.94340714819,9962.98104545633,18525.963986367027,34.97139341006576,-29.113965107214153
wsa,38,GOV,2014,24857.97424995066,8305.990858383568,16251.983600917089,33.82197042410354,-31.965568322806075
wsa,38,PRE,2012,30603.56762081114,12610.692762365914,17571.87736032666,41.78137485013128,-16.211131523721516
wsa,38,GOV,2012,26435.734083554788,9187.814464616282,17047.91530425206,35.02023593610368,-29.7328639136426
wsa,38,USS,2012,30096.58231502623,11934.702286859076,17250.884258928072,40.89245308856681,-17.66373974434567
wsa,39,WSC,2025,23509,8777,14728,37.34099127845139,-25.313709643115402
wsa,39,PRE,2024,34594,11278,22789,33.10535121965538,-33.274556281436084
wsa,39,WSA,2024,33462,10168,23266,30.412155291021115,-39.142908373677606
wsa,39,GOV,2022,27666,9372,17942,34.312074394083616,-30.976650039760003
wsa,39,USS,2022,27643,8958,18654,32.44241634072142,-35.07578772202727
wsa,39,PRE,2020,33617,11240,21887,33.93002686630241,-31.671475741440343
wsa,39,GOV,2018,26305,9458,16337,36.66602054661756,-26.150921877969967
wsa,39,USS,2018,26052,11125,14908,42.73422194906465,-14.520958083832342
wsa,39,PRE,2016,29782,9455,18671,33.616582521510345,-30.94486602645894
wsa,39,USS,2016,29474,10026,18424,35.24077328646749,-28.492909004546384
wsa,39,GOV,2014,24678,8748,15648,35.858337432365964,-27.960126428397768
wsa,39,PRE,2012,30543.991982539505,13140.995942971798,17034.996136163616,43.5478505843653,-12.748825351374588
wsa,39,GOV,2012,26163.9934797761,9006.996908930894,16949.99666744112,34.6996923292755,-30.358514515950713
wsa,39,USS,2012,30098.992272327232,12388.996039567708,16811.99666744112,42.426626258476816,-14.694846218954256
wsa,4,WSC,2025,25885,10385,15485,40.14302280633939,-19.702530423024918
wsa,4,PRE,2024,38406,13385,24534,35.29892665945832,-29.029318335676717
wsa,4,WSA,2024,37234,12579,24629,33.80724575360138,-32.36289412902186
wsa,4,GOV,2022,29887.825317151994,11018.512419637638,18499.13896672053,37.3285539402025,-25.02900919589462
wsa,4,USS,2022,29847.32743579606,10395.56525681576,19388.09692474301,34.90358302295146,-30.128431723982292
wsa,4,PRE,2020,36226,12837,22870,35.95093399053407,-27.695577761828517
wsa,4,GOV,2018,27884.47406238237,10251.799815973372,17176.681888075094,37.37647576190919,-24.834185707105565
wsa,4,USS,2018,27750.476708762984,11963.764071909887,15758.712921175049,43.155465779245176,-13.675256425655569
wsa,4,PRE,2016,31358.838659835743,10233.583666033745,19479.319677319036,34.44154732298535,-29.48366842145589
wsa,4,USS,2016,30916.84694654886,10093.607408306016,19784.271746210812,33.78287781440505,-31.344284087761835
wsa,4,GOV,2014,24407.571914785454,8650.846145242002,15512.728167169604,35.80118584028564,-28.11374292323956
wsa,4,PRE,2012,30062.10744904537,12924.26698468694,16820.920635477454,43.44994272594711,-12.962010921540546
wsa,4,GOV,2012,25247.829723978135,8944.128739304919,16175.748994710044,35.60578134181611,-28.64254208961643
wsa,4,USS,2012,29533.23143346921,12833.236822348588,15820.155873005137,44.78784400434911,-10.113756286322111
wsa,40,WSC,2025,24327,14534,9788,59.756598963901,19.509187322727833
wsa,40,PRE,2024,34241,17681,16021,52.46276185389591,4.847989252650331
wsa,40,WSA,2024,33186,17949,15221,54.11214953271028,8.220333875730729
wsa,40,GOV,2022,26533,14979,11273,57.05850982782265,13.967512154675315
wsa,40,USS,2022,26478,14349,12102,54.24747646591811,8.486290505325178
wsa,40,PRE,2020,33286,17654,15074,53.94157907602053,7.751006429129364
wsa,40,GOV,2018,26939.07895662508,15226.04533498528,11102.032537070776,57.831967107427204,15.308662944841672
wsa,40,USS,2018,26837.07852279747,16314.04945634758,10509.028849536087,60.8209440777313,21.63059813638159
wsa,40,PRE,2016,29171.173789750388,14414.092285376137,12975.069860892216,52.62699241546529,4.93302886903213
wsa,40,USS,2016,29153.172064790084,16037.098322737193,12309.071154612442,56.57589232842144,12.787723956211606
wsa,40,GOV,2014,24110.078305883668,13050.044684243863,10719.032537070776,54.903455286608214,9.66820645540683
wsa,40,PRE,2012,30060.949718199732,18016.9972426956,11714.949900808017,60.59810733462939,20.964232337849758
wsa,40,GOV,2012,25460.96648620803,13201.01312414893,12084.954870373958,52.2068727090391,4.383408832416208
wsa,40,USS,2012,29735.9475244571,16837.996848859315,12215.952865743167,57.95424379218416,15.543624360093544
wsa,41,WSC,2025,20878,10277.000000000002,10596,49.23585493220909,-1.5279241306638436
wsa,41,PRE,2024,32684,13219,18898,41.158887816421206,-17.375474238159345
wsa,41,WSA,2024,31697,11677,19996,36.86736336943138,-26.24538599867495
wsa,41,GOV,2022,24614,11094,13176,45.71075401730532,-8.458600796294785
wsa,41,USS,2022,24568,10445,14099,42.55622555410691,-14.873005535656137
wsa,41,PRE,2020,31304,13206,17617,42.84462901080362,-14.090851009455656
wsa,41,GOV,2018,24120.039958290377,11664.012435998537,11933.027114554186,49.42998214250705,-1.1153160567762055
wsa,41,USS,2018,24155.039958290377,12988.012843736193,11155.027114554186,53.79609554627065,7.588419362365395
wsa,41,PRE,2016,27161.100175695567,11132.026061969578,14464.072077634615,43.49110556325488,-12.267713730707552
wsa,41,USS,2016,27003.098954040743,12445.032577461972,13629.064340487395,47.72948653456462,-4.384799555934832
wsa,41,GOV,2014,22092.04097763452,10312.01467855565,11493.024668128244,47.29188750638003,-5.345861845758037
wsa,41,PRE,2012,28057.390306385543,15657.191837556004,12072.193948910295,56.464257658378095,12.77737469343257
wsa,41,GOV,2012,22924.326969533253,10117.122120181612,12637.202850183055,44.4624137756589,-10.99304129342888
wsa,41,USS,2012,27635.381877438827,14220.1799975363,12787.195938102748,52.652949443975004,5.185323893075711
wsa,42,WSC,2025,27762.485331098072,17943.522632020118,9795.799664710812,64.68623292262174,29.347959558154752
wsa,42,PRE,2024,38645,21888,16131,57.5712143928036,14.897140639151251
wsa,42,WSA,2024,37086,20400,16648,55.06370114446124,10.117025292563225
wsa,42,GOV,2022,30251.014198782963,18284.81744421907,11687.196754563896,61.006301821922726,21.80958511440784
wsa,42,USS,2022,30130.53752535497,17554.125760649087,12505.411764705885,58.397857072293036,16.75613650003651
wsa,42,PRE,2020,35902,20545,14767,58.181354780244675,16.09381092975322
wsa,42,GOV,2018,28304,16831,10925,60.6391410866119,20.866308648954217
wsa,42,USS,2018,28191,17824,10333,63.30219838761232,26.57231031180164
wsa,42,PRE,2016,29982,15913,11967,57.076757532281206,13.161230071376162
wsa,42,USS,2016,29741,16999,11957,58.706313026661135,16.953027806731452
wsa,42,GOV,2014,24623,13746,10575,56.51905760453929,12.878203305852248
wsa,42,PRE,2012,29892.708163741616,18062.746638330176,11469.926233138394,61.16190944498133,22.05494520295271
wsa,42,GOV,2012,25963.96865800353,14379.028309180385,11394.923523727268,55.78899348613485,11.493253688446625
wsa,42,USS,2012,29544.63725655242,16916.628135480063,11933.928529854757,58.63536129202704,16.864988262870757
wsa,43,WSC,2025,23049,13912,9122,60.39767300512287,20.78181265998525
wsa,43,PRE,2024,33873,17542,15775,52.65179938169703,5.21654415020813
wsa,43,WSA,2024,32664,16736,15889,51.29808429118774,2.59306882194465
wsa,43,GOV,2022,26051.795967096175,14885.901033007136,10903.001563332986,57.722118951737386,15.288387313890428
wsa,43,USS,2022,25995.82798386914,14239.221808054304,11700.54572415447,54.89340561889697,9.765705810467457
wsa,43,PRE,2020,31968.24914436156,17217.85480473892,14172.027906976744,54.851606050482914,9.527662537938475
wsa,43,GOV,2018,26867.32919893955,14968.677444201629,11276.345715214014,57.03434648649368,13.742831308790265
wsa,43,USS,2018,26735.27159222117,16109.621809403863,10596.6497828173,60.321493225943875,20.620594810754056
wsa,43,PRE,2016,30570.242408222824,15135.408384156728,13097.321451067375,53.609440080687065,6.666898174615538
wsa,43,USS,2016,30223.557498953094,15838.883479013351,13508.058952066009,53.971153949719344,7.711946308862149
wsa,43,GOV,2014,23389.87571058557,12034.368814983653,11013.372978387131,52.21495851036085,4.365118691650199
wsa,43,PRE,2012,31282.158393381855,17744.60692521025,13091.24698641992,57.545372267176376,14.875443952022211
wsa,43,GOV,2012,23850.280792526628,12612.058721130414,11065.987438816168,53.26477799703245,6.482402852039798
wsa,43,USS,2012,30755.502753291836,16827.74734219697,13011.986797866644,56.39375760926634,12.406757174281324
wsa,44,WSC,2025,20461,13037,7403,63.78180039138943,27.53531107961487
wsa,44,PRE,2024,31749,17301,13873,55.498171553217425,10.797190462691741
wsa,44,WSA,2024,30743,17335,13371,56.45476454113203,12.893992128289366
wsa,44,GOV,2022,23526.204032903825,14156.098966992864,9058.998436667014,60.977986526824324,21.665630899047837
wsa,44,USS,2022,23405.17201613086,13574.778191945696,9772.45427584553,58.142986371823035,16.245656786797387
wsa,44,PRE,2020,30575.81132075472,17208.905660377357,12765,57.41295730814916,14.53405639431342
wsa,44,GOV,2018,24445.163748036583,14801.310626044844,8995.843501887428,62.197818051998,23.748939397567774
wsa,44,USS,2018,24304.158132172022,15690.954963721711,8581.203168450316,64.64589954580023,29.253232128456403
wsa,44,PRE,2016,27304.492675907262,14383.13740159239,10936.08177401228,56.80719180886389,12.624499815818574
wsa,44,USS,2016,27106.044331840967,15784.219749923135,10442.055297163914,60.1847564001518,19.708388237541097
wsa,44,GOV,2014,21432.104515478182,12544.096129612442,8538.002271539732,59.50117436567361,18.692022779095378
wsa,44,PRE,2012,29523.540426539872,18619.952502692333,10565.71002475824,63.798286179658724,27.280747368272323
wsa,44,GOV,2012,23472.97815638486,13915.80559743867,9338.241826573472,59.84250975195484,19.50141878191992
wsa,44,USS,2012,28997.070581022967,17681.388321509592,10386.124409945473,62.99592162184783,25.158623838155847
wsa,45,WSC,2025,18354,11107,7230,60.57152205922451,21.123460825977986
wsa,45,PRE,2024,28709,15199,13115,53.68015822561277,7.259047685394821
wsa,45,WSA,2024,20719,19864,0,100,95.87335296105024
wsa,45,GOV,2022,20478,11677,8517,57.82410617014955,15.431194452583263
wsa,45,USS,2022,20355,11116,9182,54.764016159227516,9.501351019405552
wsa,45,PRE,2020,28299,15495,12325,55.69734004313444,11.201809251210287
wsa,45,GOV,2018,22636.511419783303,13215.714994873591,8795.804848706548,60.039993098105285,19.525579998622227
wsa,45,USS,2018,22530.517035647863,14324.702359178336,8182.814676469528,63.64408093745118,27.2603050919386
wsa,45,PRE,2016,25637.921549444534,13654.473579544168,10371.521953315783,56.83208240369966,12.805061517553135
wsa,45,USS,2016,25221.915858412583,14419.40244164473,9874.55040847556,59.35387514170356,18.01945601072675
wsa,45,GOV,2014,18707.564770496618,10508.738862297972,7877.831524063207,57.15442652694579,14.0633341138229
wsa,45,PRE,2012,27506.625886821363,17354.532260079217,9812.122864589172,63.88174098150428,27.420336563721083
wsa,45,GOV,2012,20077.976740985698,11034.883114243548,8863.122864589173,55.45723087018034,10.81662897447781
wsa,45,USS,2012,26962.649277098983,16530.666754175545,9675.08777917274,63.08029304456526,25.426206840978587
wsa,46,WSC,2025,27291.594218589453,16517.648231907126,10752.615935637104,60.57018051026306,21.123838534662127
wsa,46,PRE,2024,37676,20057,17021,54.0940719564162,8.058180273914422
wsa,46,WSA,2024,36236,18985,17219,52.43895702132361,4.873606358317689
wsa,46,GOV,2022,29668.349763301056,16778.09288300083,12588.68563136162,57.13290231952117,14.120796353902342
wsa,46,USS,2022,29550.78271776454,16156.279860372098,13332.290550860842,54.78827774647822,9.55639428059416
wsa,46,PRE,2020,35414,18987,15806,54.571321817606986,8.982323374936469
wsa,46,GOV,2018,28651.921255703684,15742.941695729294,12436.98127898677,55.865808114005034,11.5383550975117
wsa,46,USS,2018,28522.92212236995,17030.939649359698,11464.98273300138,59.76623399248805,19.513978590549286
wsa,46,PRE,2016,31086.829415206394,15626.87727753412,13328.966113661094,53.967957577384475,7.3919122892249165
wsa,46,USS,2016,30478.832200611043,16391.877740549317,13291.9578711004,55.22156218287424,10.170730456617589
wsa,46,GOV,2014,26023.93383092672,13357.954429300711,12339.980600967676,51.980652972960684,3.911683125797377
wsa,46,PRE,2012,31795.65252810479,17913.41854913325,13527.197578063717,56.975405560318094,13.795033667550832
wsa,46,GOV,2012,27812.94811847147,14052.877928357322,13550.06016128264,50.910804794478395,1.8078549779508846
wsa,46,USS,2012,31434.602520613626,16941.292342307115,13887.242281245472,54.953284511175546,9.715567610752874
wsa,47,WSC,2025,29937.903225806447,23155.32258064516,6764.58064516129,77.3910343422277,54.74913126633084
wsa,47,PRE,2024,38520,27287,10625,71.97457269466132,43.25545171339564
wsa,47,WSA,2024,29579,29040,0,100,98.17776124953514
wsa,47,GOV,2022,31207.19729545256,23186.42915995084,7760.8599576971965,74.92232703099194,49.42952440173607
wsa,47,USS,2022,31140.020911346644,22577.120760454844,8487.801785811082,72.67721568218964,45.24505302920322
wsa,47,PRE,2020,36215.551683190206,25760.948777015023,9848.860708204573,72.34228194258525,43.93716878320039
wsa,47,GOV,2018,29972.35813423764,21143.669032101057,8337.076528315576,71.72026565193234,42.728011077501506
wsa,47,USS,2018,29919.442860052917,21990.01975832404,7886.420594167054,73.60321209246908,47.1385755079934
wsa,47,PRE,2016,31278.821206903373,20621.529142869433,8741.287526346057,70.23007831700771,37.981743422931025
wsa,47,USS,2016,31062.41501954299,20937.83906511272,9498.60089826537,68.79201079464507,36.82662201136108
wsa,47,GOV,2014,25935.3570954604,16976.03762904383,8666.517693355288,66.20259726695426,32.039350393764195
wsa,47,PRE,2012,31096.32093723556,20949.85665636363,9819.88295307212,68.08590817563895,35.79193090319629
wsa,47,GOV,2012,26791.114059001648,17080.757994533415,9583.829241925623,64.0578376220973,27.982892895373528
wsa,47,USS,2012,30789.15628680958,19984.135820928484,10285.403211371022,66.0206149806383,31.500481920358787
wsa,48,WSC,2025,27185.06684120048,20328.294300768594,6835.931118801998,74.8348019749644,49.631524766082855
wsa,48,PRE,2024,37195,25148,11402,68.80437756497948,36.956580185508805
wsa,48,WSA,2024,35379,23816,11509,67.41967445152159,34.786172588258566
wsa,48,GOV,2022,29155.040763430727,20599.160226201697,8311.875353440151,71.25016386720824,42.14463280110907
wsa,48,USS,2022,29050.040763430727,20025.902214891612,8952.137606032045,69.10716645655192,38.11961814112025
wsa,48,PRE,2020,34713,23352,10737,68.50303617002552,36.34085213032582
wsa,48,GOV,2018,26762.104215212326,17743.067655237133,8544.03456182949,67.49723689101658,34.37335502257949
wsa,48,USS,2018,26670.103069412737,18544.070818140037,8088.031991281576,69.63051678960821,39.20509343231682
wsa,48,PRE,2016,28813.227313035015,17509.140864671965,9325.069493803085,65.24932401874106,28.40386910482059
wsa,48,USS,2016,28637.22439224077,18075.141213994353,9918.078142532571,64.56971234278538,28.48412597441507
wsa,48,GOV,2014,23097.091919122624,13866.05471231572,9011.035798115236,60.611093469221544,21.020044130234854
wsa,48,PRE,2012,28426.923852629538,18031.525124065454,10086.188945678734,64.12870221007088,27.950038560545003
wsa,48,GOV,2012,24197.564284738193,14231.765433546869,9829.800381224795,59.147295496496035,18.191769223229077
wsa,48,USS,2012,28114.882545479504,17036.918795874753,10549.624671968691,61.7580771426983,23.07423519700648
wsa,49,WSC,2025,21140,10612,10514,50.23194168323393,0.46357615894039306
wsa,49,PRE,2024,32142,13071,18583,41.293359449042775,-17.148901748491074
wsa,49,WSA,2024,31276,11546,19701,36.95074727173809,-26.074306177260514
wsa,49,GOV,2022,23873,11118,12448,47.178137995417124,-5.571147321241565
wsa,49,USS,2022,23878,10442,13388,43.81871590432228,-12.337716726694032
wsa,49,PRE,2020,30162,13075,16546,44.14098106073394,-11.507857569126717
wsa,49,GOV,2018,23093,11430,11158,50.602089605100055,1.1778461005499452
wsa,49,USS,2018,22886,12664,10217,55.347231327302126,10.69212619068426
wsa,49,PRE,2016,28509.030087610045,11917.011852694866,14407.0166393601,45.27047163883605,-8.734091545777927
wsa,49,USS,2016,28016.030315546483,12878.012992377064,14186.015499677902,47.58350367594975,-4.668764605722925
wsa,49,GOV,2014,21574,10475,10754,49.34288002261058,-1.2932233243719282
wsa,49,PRE,2012,28245.89371594799,15890.936343003135,11880.958557489752,57.219488983163004,14.19667519052264
wsa,49,GOV,2012,21779.9306822551,10319.956554724838,11265.976496206804,47.80871195317375,-4.343539726013551
wsa,49,USS,2012,27509.895950200786,14290.93657366452,12454.96307544574,53.43225227475169,6.673865657443096
wsa,5,WSC,2025,23018.274618134543,10332.246668833277,12682.027949301264,44.894948201807686,-10.208329335930127
wsa,5,PRE,2024,36365,14079,21775,39.2675852066715,-21.16320637976076
wsa,5,WSA,2024,35110,13063,22041,37.21228350045579,-25.57106237539163
wsa,5,GOV,2022,26802.241162728205,10802.863224807968,15722.695247722617,40.72624233716032,-18.35604714189452
wsa,5,USS,2022,26705.753020353684,10257.238122773771,16439.514897579913,38.421294585725924,-23.149606641289406
wsa,5,PRE,2020,34104.8532974428,13298.512786002691,20221.663526244953,39.673158822686936,-20.29960568914501
wsa,5,GOV,2018,24934.206294132433,9631.0239699258,14829.303793034453,39.374059347274375,-20.847985942636242
wsa,5,USS,2018,24833.171172108807,11328.162949442436,13497.00799442,45.63176211377958,-8.733661238615737
wsa,5,PRE,2016,27925.536252348127,10068.485001360645,16120.592674730604,38.4453592672813,-21.6723060165445
wsa,5,USS,2016,27725.451394682637,9884.625340711047,16884.047565042587,36.92609407837493,-25.24547616805955
wsa,5,GOV,2014,21467.730642682094,7575.2206479788065,13654.56094314782,35.6820470124149,-28.318504626111174
wsa,5,PRE,2012,27157.522818892143,12538.227061652213,14283.367995792498,46.746761461421926,-6.425994542205732
wsa,5,GOV,2012,22343.16980539855,7617.228089716084,14574.957438423877,34.323920373040075,-31.140296606557
wsa,5,USS,2012,26648.707558755283,12036.50901697505,13695.485013727062,46.77643327063459,-6.225352554506775
wsa,50,WSC,2025,28372,18315,10030,64.61457047098253,29.201325250246718
wsa,50,PRE,2024,37538,21164,15792,57.26810260850741,14.310831690553577
wsa,50,WSA,2024,36286,20418,15841,56.311536446123725,12.613680207242457
wsa,50,GOV,2022,30432,18558,11493,61.75501647199761,23.21569400630915
wsa,50,USS,2022,30337,17715,12549,58.53489294210944,17.028710815176183
wsa,50,PRE,2020,35997.196326061996,20573.126291618828,14767.319173363949,58.214111398238586,16.12849807986705
wsa,50,GOV,2018,29240.085129583436,17416.912306798407,11214.455421639024,60.83157630468163,21.21217109208788
wsa,50,USS,2018,29145.15289162793,18698.784772887702,10425.368118740233,64.20370351188095,28.386938592880195
wsa,50,PRE,2016,31544.30383328652,16932.696553963877,12632.402835764802,57.27258457939271,13.63255230144364
wsa,50,USS,2016,31365.180814157047,18314.840981873534,12286.826346985445,59.84916045604377,19.2188104082833
wsa,50,GOV,2014,26158.143979939337,14614.746285516629,11230.4596811292,56.54722312670862,12.937793319674507
wsa,50,PRE,2012,31682.27909509361,19172.37815984551,12114.495804078924,61.27930256615719,22.27706641489559
wsa,50,GOV,2012,27619.610331689844,14770.318071762227,12695.633706683142,53.77682954847981,7.5116351757456234
wsa,50,USS,2012,31423.92493568032,18306.280663233127,12432.247298883616,59.55483842880973,18.692869768409594
wsa,51,WSC,2025,25345,15194,10141,59.972370238800075,19.93687117774709
wsa,51,PRE,2024,34987,17810,16589,51.774760894212044,3.489867665132768
wsa,51,WSA,2024,34230,16524,17682,48.30731450622698,-3.3829973707274363
wsa,51,GOV,2022,27516,15582,11632,57.25729403983244,14.35528419828464
wsa,51,USS,2022,27423,14756,12620,53.90122735242549,7.7890821573131985
wsa,51,PRE,2020,33537.803673938004,17904.873708381172,15098.68082663605,54.25134947020285,8.367252993152308
wsa,51,GOV,2018,26617.914870416564,15182.087693201594,10930.544578360976,58.14077851406554,15.972487460187306
wsa,51,USS,2018,26441.84710837207,16592.215227112298,9828.63188125977,62.79970948340512,25.579088019577227
wsa,51,PRE,2016,29436.666079103437,15144.29159334126,12409.580524875098,54.9624805122366,9.29015215621678
wsa,51,USS,2016,29271.78887029647,16539.146025749404,12013.158153336655,57.92578392977463,15.461944920645049
wsa,51,GOV,2014,24732.856020060663,13465.253714483371,10918.5403188708,55.22214342880556,10.296883601097045
wsa,51,PRE,2012,30231.504268032033,18752.204041227826,11120.254435921752,62.7742241421877,25.24502101397711
wsa,51,GOV,2012,25886.802894989924,13190.95887639492,12500.665336730595,51.3434213694276,2.6665847554234787
wsa,51,USS,2012,29833.18450432867,17204.284651091362,11901.89648935797,59.1086977988407,17.77345680600754
wsa,52,WSC,2025,21951.88856344297,13953.13534271009,7998.753220732879,63.56234591107845,27.124691822156898
wsa,52,PRE,2024,31882,18017,13351,57.43751593981127,14.635217364029856
wsa,52,WSA,2024,30884,17681,13203,57.249708586970605,14.499417173941204
wsa,52,GOV,2022,25190.04173531853,14655.097537064938,10249.688025564685,58.844504001894926,17.488694769899897
wsa,52,USS,2022,25069.928350373153,14149.851674342231,10920.076676030918,56.44153216788759,12.883064335775169
wsa,52,PRE,2020,31885.131612903224,17595.976774193547,13609.663225806453,56.38716839069331,12.502107868903757
wsa,52,GOV,2018,26000.52450850945,13793.858944810116,11529.849826596585,54.470137329903764,8.707551716783895
wsa,52,USS,2018,25832.149641578675,15293.12728549628,10537.022356082398,59.20649898550724,18.41157238327002
wsa,52,PRE,2016,28908.322265887553,14357.616376379012,12493.148222136237,53.471908867626574,6.449589627146529
wsa,52,USS,2016,28941.618459647816,13890.19422071041,13942.61122378722,49.90583593310179,-0.18111289508530581
wsa,52,GOV,2014,23434.84195813564,11106.443786261363,11972.797685874451,48.123088445824656,-3.6968625654090426
wsa,52,PRE,2012,29959.775352189157,16218.323513598256,13072.4492962548,55.37007718738855,10.500326455597369
wsa,52,GOV,2012,24530.830035670384,11135.108839023103,13220.769361393728,45.71836312940888,-8.502201186579732
wsa,52,USS,2012,29362.316128100923,15221.411131701676,12988.88323748404,53.956938316560496,7.603378032160812
wsa,53,WSC,2025,21168.038315682577,12480.091689417903,8677.946626264675,58.98510770805967,17.961726100695717
wsa,53,PRE,2024,32108,16470,15068,52.222715454372505,4.366513018562356
wsa,53,WSA,2024,31280,15437,15801,49.41737627248863,-1.1636828644501274
wsa,53,GOV,2022,24715.165496803093,13218.829937356237,11104.047345335734,54.34731172517441,8.556619183043907
wsa,53,USS,2022,24633.925097386928,12758.961923175457,11801.96317421147,51.94821397233487,3.8848812975626865
wsa,53,PRE,2020,31645,16120,14754,52.21221739975383,4.316637699478587
wsa,53,GOV,2018,24973.313011119066,12351.316701328096,11920.949975764404,50.886540040304226,1.7233064967074108
wsa,53,USS,2018,24921.301427612423,14004.780041593716,10871.521386018709,56.29767786158341,12.572612488460994
wsa,53,PRE,2016,31066.82413479794,13930.077957641475,14554.48277407515,48.903959196852874,-2.0098765606822333
wsa,53,USS,2016,30815.82413479794,13498.94137826598,15835.75593282614,46.016978580384816,-7.583164235161166
wsa,53,GOV,2014,22748.896004880007,10451.15453223513,11894.718305631595,46.769954380680446,-6.345643204341855
wsa,53,PRE,2012,29435.018733407403,15757.120414864628,13008.841857791942,54.776962666889574,9.336765102695576
wsa,53,GOV,2012,23570.437832384072,10470.248409935091,12907.18942244898,44.78783554043278,-10.338972189840733
wsa,53,USS,2012,28947.943452406293,14712.026313613238,12895.754029957312,53.28942106365119,6.274270525096492
wsa,54,WSC,2025,18403.135448266366,11120.764554776013,7260.370893490352,60.50096625464385,20.976825781333492
wsa,54,PRE,2024,27328,14388,12498,53.51484043740237,6.915983606557374
wsa,54,WSA,2024,26635,14003,12590,52.65671417290264,5.305049746574059
wsa,54,GOV,2022,21274.907058063185,11882.797179341796,9118.362852061018,56.5816229273696,12.993872639425042
wsa,54,USS,2022,21184.84855867565,11431.112182822506,9701.752078592208,54.091636805210165,8.163193139854135
wsa,54,PRE,2020,27954,14838,12426,54.42341549295775,8.62846104314231
wsa,54,GOV,2018,23354.686988880934,12739.683298671904,10037.050024235596,55.932881673857416,11.572123727126037
wsa,54,USS,2018,23268.698572387577,13960.219958406284,9272.478613981291,60.088671640573956,20.146126049300523
wsa,54,PRE,2016,28056.66925969604,13450.612607364386,12344.584698927656,52.14386402108842,3.942121205475951
wsa,54,USS,2016,27687.11569357777,13216.775395229984,13377.327688509991,49.69814305680012,-0.5798808913752174
wsa,54,GOV,2014,21518.103995119993,10695.84546776487,10441.281694368405,50.602172119805644,1.1830213919135135
wsa,54,PRE,2012,30043.098228549152,17028.195251711826,12496.2725612087,57.674859237462464,15.084738118642377
wsa,54,GOV,2012,21385.5817903154,10944.175803645452,10297.18728067509,51.522944926844026,3.025349178311126
wsa,54,USS,2012,29375.613922972385,15972.828392584595,12433.563128225673,56.229698801704686,12.048310798335821
wsa,55,WSC,2025,26957.435163224123,12548.379777732476,14394.055385491645,46.574779531661484,-6.846629126932213
wsa,55,PRE,2024,38891,15934,22379,41.58901678281523,-16.571957522305937
wsa,55,WSA,2024,37452,14803,22609,39.56751844328023,-20.842678628644663
wsa,55,GOV,2022,30903.668401254403,13128.267781288128,17452.193578385177,42.93024760771098,-13.991626304537801
wsa,55,USS,2022,30773.92768804351,12362.243460222116,18357.668525082336,40.241793225631206,-19.48215751215144
wsa,55,PRE,2020,37677,15341,21556,41.57790606282353,-16.495474692783397
wsa,55,GOV,2018,29914,12036,17301,41.026689845587484,-17.600454636624992
wsa,55,USS,2018,29866,13890,15941,46.562300962086425,-6.8673407888568905
wsa,55,PRE,2016,30929.50660550602,11317.309434994137,17563.932526997192,39.18567438993133,-20.196323115257986
wsa,55,USS,2016,30714.06017162429,10920.283226504038,18859.916378663864,36.66961058450726,-25.850158226540792
wsa,55,GOV,2014,27230,10232,16682,38.01738871962547,-23.68710980536174
wsa,55,PRE,2012,32922.883038043445,14430.684333423547,17960.88558099936,44.55074073763259,-10.722637028769782
wsa,55,GOV,2012,28492.98037730053,10476.575786419457,17841.62329687593,36.995911200438876,-25.848638552125554
wsa,55,USS,2012,32356.44262462132,13709.145293802165,17587.682841817015,43.80362519293025,-11.986909664363148
wsa,56,WSC,2025,25881.502509383965,10541.628635363519,15338.873874020448,40.73193181446631,-18.53542017862978
wsa,56,PRE,2024,37655,13450,23678,36.22602887308769,-27.162395432213515
wsa,56,WSA,2024,36745,12950,23789,35.24864585318054,-29.497890869506055
wsa,56,GOV,2022,29507.748777092267,10897.55651599786,18310.222184667375,37.31045975005849,-25.121081667958972
wsa,56,USS,2022,29365.26890691936,10337.239850346785,19014.02905657258,35.21905605896939,-29.54779414324137
wsa,56,PRE,2020,35629.86838709677,12768.023225806452,22278.336774193547,36.43180982506158,-26.691969347355837
wsa,56,GOV,2018,27280.758620689656,9742.844827586208,17079.741379310344,36.323286473700115,-26.894034193608718
wsa,56,USS,2018,27154.13793103448,11474.51724137931,15677.620689655172,42.26008747644181,-15.47868490228199
wsa,56,PRE,2016,30666.286493860847,10109.81582537517,18916.103683492496,34.83030338551906,-28.716512055935677
wsa,56,USS,2016,30633.9795361528,9795.281036834926,19750.55457025921,33.15283130622652,-32.497487052491934
wsa,56,GOV,2014,24417.53448275862,8052.310344827586,16135.827586206897,33.2903275472731,-33.10537862488588
wsa,56,PRE,2012,29771.182581586283,12424.024788798955,16991.060780800166,42.236915338568146,-15.340458779175137
wsa,56,GOV,2012,25057.789060026906,7984.657784727802,16918.981466845322,32.062212691357644,-35.65487625709915
wsa,56,USS,2012,29345.534943899504,11807.778096010426,16529.56277285379,41.668617216600865,-16.090300230921343
wsa,57,WSC,2025,24464,9051,15406.999999999998,37.00629650829994,-25.98103335513407
wsa,57,PRE,2024,36155,11643,24034,32.634470387084114,-34.27188493984235
wsa,57,WSA,2024,35377,10048,22044,31.309983796584817,-33.90903694490771
wsa,57,GOV,2022,28319,9467,18549,33.791404911479155,-32.07034146685971
wsa,57,USS,2022,28314,8983,19302,31.758882800070708,-36.444868263050076
wsa,57,PRE,2020,34397,11293,22579,33.34022201228153,-32.81100095938599
wsa,57,GOV,2018,26893,9511,16916,35.98970749612139,-27.5350462945748
wsa,57,USS,2018,26688,11182,15494,41.917828759934025,-16.15707434052758
wsa,57,PRE,2016,30565,9713,19199,33.59504703929164,-31.035498118763293
wsa,57,USS,2016,30192,9774,19235,33.692991830121684,-31.336115527291998
wsa,57,GOV,2014,24802,8979,15556,36.59669859384553,-26.518022740101603
wsa,57,PRE,2012,30333.003448345044,13295.00185046791,16683.001590091433,44.3491904883838,-11.169351381220944
wsa,57,GOV,2012,25829.00258071051,9252.0015016153,16382.001019044694,36.092691705708276,-27.60462582768948
wsa,57,USS,2012,29823.00339771429,12890.001601242744,16006.001433939387,44.60825113268645,-10.448309954373885
wsa,58,WSC,2025,26862.565638775435,9047.72140273331,17803.048899570942,33.696319699092065,-32.59304272931971
wsa,58,PRE,2024,38691,12009,26113,31.501495199622266,-36.45292186813471
wsa,58,WSA,2024,37675,10786,26847,28.661015598012384,-42.63039150630391
wsa,58,GOV,2022,30714.07816911321,9384.570447585402,21076.666674424705,30.808238056767813,-38.06754727412639
wsa,58,USS,2022,30713.515530775207,8924.710528463162,21788.805002312045,29.057925718469203,-41.88414856306159
wsa,58,PRE,2020,37209.40849239281,11155.666721991702,25530.157786998618,30.408657489101454,-38.63133451300542
wsa,58,GOV,2018,29460.33413225847,7903.961301166679,21181.714575823986,27.174755486495016,-45.06993442453334
wsa,58,USS,2018,29307.14992534217,9687.467109372392,19617.682815969783,33.057217362996575,-33.88325283043179
wsa,58,PRE,2016,32402.297858392743,8805.347972643422,21816.07973883881,28.755510865163377,-40.1537317601856
wsa,58,USS,2016,32635.879675843436,8445.4600845084,23451.06504821709,26.4776807171495,-45.97885858371883
wsa,58,GOV,2014,27787.6172081633,6617.447052653987,20962.22882433667,23.993926114899818,-51.62292853044107
wsa,58,PRE,2012,33274.32942898833,9980.04229225524,22940.043922966684,30.315966449810105,-38.948949094135
wsa,58,GOV,2012,28811.663480287974,7114.0112241898405,21579.641001557167,24.792979186547715,-50.20754802048917
wsa,58,USS,2012,32825.91976953641,9740.432620323078,22121.2453274677,30.570997033753077,-37.716575176164426
wsa,59,WSC,2025,28665.27508625349,8203.774162249336,20453.050599079263,28.62764535350772,-42.732108448190345
wsa,59,PRE,2024,40155,10215,29395,25.78894218631659,-47.764910969991284
wsa,59,WSA,2024,38719,9369,29315,24.219315479267912,-51.514760195252975
wsa,59,GOV,2022,32991.19570817964,8303.055738372852,24393.16318009775,25.39454411862384,-48.77091325833822
wsa,59,USS,2022,32902.12204038229,7927.870749209197,24943.251291173092,24.118041177510705,-51.71514627865077
wsa,59,PRE,2020,38978,9829,28567,25.599020731326178,-48.073272102211504
wsa,59,GOV,2018,31035,7473,23137,24.41359032995753,-50.472047688094094
wsa,59,USS,2018,30810,9345,21446,30.349777532395827,-39.276209023044466
wsa,59,PRE,2016,34764.81400611733,8263.959581439864,24485.864358052426,25.23360002395169,-46.661848309495056
wsa,59,USS,2016,34860.81160840614,8219.959238909692,25795.855794798154,24.165110348713252,-50.417347574461836
wsa,59,GOV,2014,30071,6693,23146,22.430376353094942,-54.71384390276346
wsa,59,PRE,2012,35729.39384480813,10085.612592522972,25237.7907257741,28.552210843451636,-42.40815894908585
wsa,59,GOV,2012,31737.657289775445,7220.740521326609,24361.919251697207,22.862990556274084,-54.00896031444884
wsa,59,USS,2012,35255.40150315132,9953.616215040083,24333.822511048977,29.029920533161462,-40.78866126293729
wsa,6,WSC,2025,21662,8301,13351.000000000002,38.338259745058195,-23.312713507524702
wsa,6,PRE,2024,33624,11186,22016,33.690741521595086,-32.209136331192006
wsa,6,WSA,2024,32566,10593,21941,32.55978361099158,-34.846158570288026
wsa,6,GOV,2022,25670,8965,16378,35.3746596693367,-28.87806778340475
wsa,6,USS,2022,25606,8433,17152,32.960719171389485,-34.050613137545895
wsa,6,PRE,2020,32041,10742,20865,33.98614231024773,-31.593895321619176
wsa,6,GOV,2018,25076,9027,15588,36.672760511883,-26.164460041473912
wsa,6,USS,2018,24845,10634,14201,42.818602778337024,-14.357013483598308
wsa,6,PRE,2016,27920,8953,17548,33.783630806384664,-30.784383954154727
wsa,6,USS,2016,27537,8798,17659,33.253959254639604,-32.17852344118822
wsa,6,GOV,2014,23244,8260,14728,35.931790499390985,-27.826535880227155
wsa,6,PRE,2012,28387.002170825832,12959.000821853122,15065.001320632948,46.242505820417776,-7.418890117760391
wsa,6,GOV,2012,23516.00178540506,8007.000521451636,15380.001252617518,34.23696888897307,-31.35312200793356
wsa,6,USS,2012,27785.002108478355,12525.000918208316,14321.001099582798,46.65499507117623,-6.463919543221664
wsa,60,WSC,2025,19640,9396,10243,47.84357655685116,-4.312627291242366
wsa,60,PRE,2024,29917,12605,16892,42.733159304336034,-14.329645352140924
wsa,60,WSA,2024,28751,11453,17283,39.855929844098,-20.27755556328475
wsa,60,GOV,2022,23195,10028,12907,43.72356660126444,-12.41215779262772
wsa,60,USS,2022,23151,9707,13422,41.968956720999614,-16.04682303140253
wsa,60,PRE,2020,29466,12614,16335,43.573180420739924,-12.628113758229825
wsa,60,GOV,2018,23227,9796,12978,43.013963291472734,-13.699573771903385
wsa,60,USS,2018,22938,11139,11779,48.60371760188498,-2.7901299154241888
wsa,60,PRE,2016,26833,10504,14447,42.09851308564787,-14.694592479409685
wsa,60,USS,2016,26525,10259,15259,40.20299396504428,-18.85014137606032
wsa,60,GOV,2014,21660,8691,12731,40.57044160209131,-18.651892890120042
wsa,60,PRE,2012,27955.664308076502,13348.521413317316,14266.155947123263,48.33850216348986,-3.282463702859817
wsa,60,GOV,2012,23047.890549053776,9437.658463140084,13426.236436701716,41.27756230722258,-17.305609661207725
wsa,60,USS,2012,27304.686062016623,12529.551868833483,14006.173350275363,47.21767264838396,-5.407941618841755
wsa,61,WSC,2025,23981,13599,10369,56.73815086782377,13.468996288728574
wsa,61,PRE,2024,34966,17476,16705,51.127819548872175,2.2049991420236834
wsa,61,WSA,2024,34183,16511,17618,48.37821207770518,-3.238451862036679
wsa,61,GOV,2022,27331.14979476361,14326.378030711869,12750.363253691805,52.910274099209744,5.766368370356717
wsa,61,USS,2022,27275.97854748238,13720.23493107001,13500.38704803022,50.40382597283888,0.8060128169446845
wsa,61,PRE,2020,34863,17492,16844,50.94361602982293,1.8587040702177093
wsa,61,GOV,2018,29267,13320,15411,46.36107340503289,-7.144565551645194
wsa,61,USS,2018,29057,15062,13945,51.92539731788879,3.844168358743155
wsa,61,PRE,2016,31769,14048,15596,47.389016327081364,-4.872674619912493
wsa,61,USS,2016,31581,13390,17506,43.338943552563435,-13.033152845065066
wsa,61,GOV,2014,26760,10820,15645,40.88418666162857,-18.030642750373694
wsa,61,PRE,2012,33728,15362,18014,46.02708533077661,-7.86290322580645
wsa,61,GOV,2012,28689,11839,16705,41.47631726457399,-16.96120464289449
wsa,61,USS,2012,33011,14816,17467,45.89412384226993,-8.030656447850715
wsa,62,WSC,2025,17442.560317287847,11258.495713392058,6165.964354104378,64.6131683264817,29.196008307566622
wsa,62,PRE,2024,26698,16093,10197,61.21338912133891,22.08405123979324
wsa,62,WSA,2024,20013,19060,0,100,95.23809523809523
wsa,62,GOV,2022,19376.740152150964,11847.334048650153,7284.284487367961,61.92541434142535,23.54910849529898
wsa,62,USS,2022,19452.53439981267,11764.987523380005,7637.412734915117,60.63676332184783,21.218699340815135
wsa,62,PRE,2020,27038,16620,9916,62.63189629182997,24.794733338264663
wsa,62,GOV,2018,22715,13550,8544,61.328867565854985,22.03830068236848
wsa,62,USS,2018,22638,14835,7764,65.64449754413913,31.23509143917307
wsa,62,PRE,2016,24889,14647,8883,62.24819379515512,23.158825183816145
wsa,62,USS,2016,24632,14178,9736,59.287446683950826,18.03345241961675
wsa,62,GOV,2014,20840,12107,8445,58.90910860256909,17.57197696737044
wsa,62,PRE,2012,28467.259875695767,18476.00734935499,9678.081437445931,65.62459715626396,30.90541889288186
wsa,62,GOV,2012,22735.74385300311,13489.451985943431,9069.844474463122,59.795534890099724,19.439027550869127
wsa,62,USS,2012,27876.575520116392,17808.0860307928,9327.291867059685,65.62682155313617,30.422654165728417
wsa,63,WSC,2025,26674.562312404647,12798.32370572305,13863.057301853052,48.003228722796756,-3.9915691348939686
wsa,63,PRE,2024,38318,15981,21417,42.73223167014279,-14.186544182890549
wsa,63,WSA,2024,28060,0,27163,0,-96.80327868852459
wsa,63,GOV,2022,30060.075399679314,13106.155889183632,16697.250173465683,43.9753626200756,-11.946391472858252
wsa,63,USS,2022,30036.320320487037,12507.827949526329,17464.75431409668,41.73089872442113,-16.503107942917204
wsa,63,PRE,2020,37300,15858,20928,43.10879138802805,-13.592493297587133
wsa,63,GOV,2018,30872,11871,18491,39.098214873855476,-21.44337911376004
wsa,63,USS,2018,30680,13873,16772,45.27002773698809,-9.449152542372886
wsa,63,PRE,2016,33155,12984,18303,41.499664397353534,-16.04282913587694
wsa,63,USS,2016,33140,12396,20020,38.24037512339585,-23.005431502715755
wsa,63,GOV,2014,27967,9799,17915,35.35758100598975,-29.019916329960303
wsa,63,PRE,2012,34432.74012430423,14205.992650645012,19942.918562554067,41.60013349167683,-16.661252898254432
wsa,63,GOV,2012,29321.25614699689,10713.548014056569,18487.15552553688,36.689348938219894,-26.511850217155487
wsa,63,USS,2012,33813.42447988361,13821.9139692072,19187.708132940315,41.8723786853288,-15.868827976667527
wsa,64,WSC,2025,18306,10922,7366,59.72222222222222,19.425325030044792
wsa,64,PRE,2024,29725,15562,13679,53.21979412468794,6.3347350714886455
wsa,64,WSA,2024,28449,15816,12576,55.705832628909555,11.388801012337868
wsa,64,GOV,2022,21194.240110988332,11808.484768092483,9139.352986864878,56.37090045390472,12.593665860394637
wsa,64,USS,2022,21162.62520861244,11591.320393262818,9526.756175010636,54.888144551369464,9.755709407035084
wsa,64,PRE,2020,29028.78848560701,15699.420525657071,12766.349186483105,55.151926979025376,10.10400878640952
wsa,64,GOV,2018,22708.261880170157,13077.173143250138,8975.08368892755,59.300838198875404,18.064303978741364
wsa,64,USS,2018,22564.259312496688,14213.172007642026,8306.088034127499,63.11562627403799,26.17894029538575
wsa,64,PRE,2016,25511.1975734243,13663.578360146645,10352.66015566638,56.89308236654181,12.978293923486117
wsa,64,USS,2016,25300.205034803657,13508.590452660515,10938.642335719524,55.256112499903274,10.15781537503629
wsa,64,GOV,2014,18571.225898347773,10202.139877329846,8141.082082153256,55.61803645981359,11.098124628164458
wsa,64,PRE,2012,27631.19027992083,17018.026286296128,10242.195371106636,62.42805542879629,24.52239967423114
wsa,64,GOV,2012,19488.81239047159,11107.43020073004,8249.39041649564,57.38251348388026,14.665027950249765
wsa,64,USS,2012,26983.235997454227,16190.068092325137,9789.245326067336,62.31907607251513,23.721479391358756
wsa,65,WSC,2025,18811,11160.000000000002,7628,59.399616776665965,18.77624794003509
wsa,65,PRE,2024,29578,15612,13535,53.56297389096648,7.022111028467099
wsa,65,WSA,2024,28283,15065,13166,53.36332400552584,6.714280663295974
wsa,65,GOV,2022,21611.364652281227,11996.010289195086,9323.708769625367,56.26720622395849,12.365260419996844
wsa,65,USS,2022,21564.39464784296,11748.63233452267,9760.36329569022,54.621947656262485,9.220147707839004
wsa,65,PRE,2020,29819.21151439299,16040.579474342929,13261.650813516895,54.74183813574315,9.31925600878049
wsa,65,GOV,2018,23621.547050346497,13534.726217098329,9316.82989224124,59.22890394132331,17.85613920996431
wsa,65,USS,2018,23415.55107656564,14699.713131886114,8688.837944679524,62.85003754086597,25.670440843146725
wsa,65,PRE,2016,26405.363874124178,13914.208270057916,10910.141240613988,56.050646016227915,11.376730287696397
wsa,65,USS,2016,26280.357889352395,13958.209467012271,11369.13764975092,55.11121793633835,9.851737286691693
wsa,65,GOV,2014,19785.636633722417,10901.796675933316,8604.844990563024,55.887614394730555,11.609187654115678
wsa,65,PRE,2012,28692.893685045325,17499.478600553346,10809.39733397749,61.81622555775055,23.31616092824654
wsa,65,GOV,2012,20950.612248680707,11940.30483045852,8858.300705575593,57.40916048324316,14.71080696019757
wsa,65,USS,2012,28053.866136801855,16709.465562566726,10279.373118844189,61.912503015832584,22.92052158646098
wsa,66,WSC,2025,20152.877370307506,11941.180580884893,8194.978344042565,59.30217687198708,18.58891992446618
wsa,66,PRE,2024,30496,16432,13573,54.76420596567239,9.375000000000005
wsa,66,WSA,2024,29262,15769,13426,54.012673402979964,8.006971498872261
wsa,66,GOV,2022,22573.034653406114,12542.132031454346,9756.102085474557,56.247198615303404,12.342292424378998
wsa,66,USS,2022,22622.166732217916,12287.949596023658,10276.445902957985,54.4572514543021,8.891737546081036
wsa,66,PRE,2020,30192,16575,13108,55.84004312232591,11.483174350821413
wsa,66,GOV,2018,24740,13553,10627,56.05045492142266,11.82700080840744
wsa,66,USS,2018,24643,14912,9689,60.61542213731149,21.19465974110295
wsa,66,PRE,2016,26849,14288,11120,56.23425692695214,11.799322134902607
wsa,66,USS,2016,26593,13894,11986,53.68624420401855,7.174820441469565
wsa,66,GOV,2014,22647,12078,10314,53.938906752411576,7.789111140548421
wsa,66,PRE,2012,30284,17834,12152,59.47442139665176,18.762382776383564
wsa,66,GOV,2012,24907,13623,11110,55.08025714632273,10.089533062994338
wsa,66,USS,2012,29678,17295,11553,59.95216306156406,19.347664936990363
wsa,67,WSC,2025,23269,9233.999999999998,14029,39.69393457421656,-20.606815935364654
wsa,67,PRE,2024,34839,11672,21936,34.72982623184956,-29.461235971181726
wsa,67,WSA,2024,34083,11021,23049,32.34810683886117,-35.29032068773289
wsa,67,GOV,2022,26107.96566523605,9811.618025751071,15881.364806866954,38.18792893635894,-23.248639357596623
wsa,67,USS,2022,26051.96566523605,9216.669527896996,16805.296137339057,35.418805967490655,-29.128806274946022
wsa,67,PRE,2020,32949,11915,20549,36.70219319862001,-26.20413366111263
wsa,67,GOV,2018,24341,9995,13925,41.78511705685619,-16.14559796228586
wsa,67,USS,2018,24246,11279,12956,46.540127914173716,-6.916604800791881
wsa,67,PRE,2016,29324,10197,17550,36.74991891015245,-25.07502387123175
wsa,67,USS,2016,28946,11275,16644,40.384684265195745,-18.548331375665033
wsa,67,GOV,2014,21719,8979,12446,41.90898483080513,-15.962981721073715
wsa,67,PRE,2012,29268,14103,14693,48.975552160022225,-2.0158534918682527
wsa,67,GOV,2012,22777,9189,13398,40.68269358480542,-18.47916758133205
wsa,67,USS,2012,28778,13745,13976,49.58334836405613,-0.8026965042740974
wsa,68,WSC,2025,25178.27741935484,9077.452903225807,16091.909677419355,36.06548586258686,-27.85916072559218
wsa,68,PRE,2024,36399,11146,24832,30.980043359831004,-37.599934064122635
wsa,68,WSA,2024,35202,9549,25631,27.143263217737353,-45.684904266803024
wsa,68,GOV,2022,28573.917276308384,9449.423747889705,18723.052898142934,33.54133137322313,-32.45487505467903
wsa,68,USS,2022,28413.467642093416,8825.743950478334,19556.90714687676,31.095558763010622,-37.76787589453052
wsa,68,PRE,2020,34689.644170050335,10999.66349861024,23116.071883285727,32.24219960519268,-34.9280272962163
wsa,68,GOV,2018,26735.394166466795,9434.881256203003,16880.11786552876,35.8536255789246,-27.847865503565444
wsa,68,USS,2018,26554.18767972386,11563.388308938804,14977.799370785056,43.56771237397434,-12.858277206699931
wsa,68,PRE,2016,30635.65525851462,9558.704365733654,19663.088327278605,32.710875975858265,-32.98243134113027
wsa,68,USS,2016,30378.958404235014,10633.97315282964,18454.78518155821,36.556985453237715,-25.744174387619235
wsa,68,GOV,2014,25138.6438587241,9282.130448021631,15532.815888334952,37.40540205973489,-24.86484742550695
wsa,68,PRE,2012,30719.270612853274,13998.27434826546,16286.309322265535,46.22244274695694,-7.448207357640635
wsa,68,GOV,2012,26042.830143360818,9058.739307198926,16729.031158742535,35.12804381116633,-29.452604841025774
wsa,68,USS,2012,30143.651905141363,13819.171897624248,15113.16307925908,47.763762961633205,-4.292748555174647
wsa,69,WSC,2025,18467,6407,12048.000000000002,34.716878894608506,-30.54638002924136
wsa,69,PRE,2024,27887,7937,19449,28.981961586211934,-41.2808835658192
wsa,69,WSA,2024,27173,6565,19534,25.154220468217176,-47.727523644794466
wsa,69,GOV,2022,21431,6658,14405,31.609932108436595,-36.148569828752734
wsa,69,USS,2022,21296,6098,15163,28.68162363012088,-42.56667918858001
wsa,69,PRE,2020,26857,7779,18440,29.669323772836492,-39.695423911829316
wsa,69,GOV,2018,20826,6787,13659,33.19475692066908,-32.997215019686934
wsa,69,USS,2018,20689,8758,11924,42.346001353834254,-15.302817922567552
wsa,69,PRE,2016,24531.003205394223,7253.000999015434,15899.001923473064,31.327747423400215,-35.24519911422304
wsa,69,USS,2016,24272.00319419577,8252.001166696577,14908.001808248482,35.63039769737401,-27.42254353008479
wsa,69,GOV,2014,20097,6455,13416,32.48452518745911,-34.637010499079466
wsa,69,PRE,2012,24635.966600674084,10541.98905646631,13720.97760860912,43.44888735984889,-12.903851525987326
wsa,69,GOV,2012,21127.968997859516,6262.992647793191,14681.97627622572,29.902133875266934,-39.84757659046858
wsa,69,USS,2012,24170.967044006473,10590.98882663074,12657.978972986815,45.55466254637319,-8.551540956523768
wsa,7,WSC,2025,18119,11922,6186,65.83830351225977,31.657376234891547
wsa,7,PRE,2024,28972,16250,12042,57.43673123144352,14.524368355653733
wsa,7,WSA,2024,27377,16014,11289,58.65289528623229,17.259013040143188
wsa,7,GOV,2022,21084.148631029988,12699.07301173403,8120.143415906128,60.99688264383665,21.717403324927208
wsa,7,USS,2022,21094.256844850064,12364.627118644068,8678.48109517601,58.75855882603687,17.474642745558445
wsa,7,PRE,2020,28347,16347,11519,58.66288667192995,17.031784668571635
wsa,7,GOV,2018,23694,13175,9953,56.96558284330682,13.5983793365409
wsa,7,USS,2018,23527,14545,8923,61.97801261291972,23.895949334806815
wsa,7,PRE,2016,26934,14123,10980,56.26020794327371,11.669265612237318
wsa,7,USS,2016,26553,13925,11816,54.096577444543726,7.942605355327087
wsa,7,GOV,2014,20877,10385,10240,50.351515151515144,0.6945442352828457
wsa,7,PRE,2012,29425.61432887242,16243.525635967704,12804.924873595655,55.918733533205135,11.685739926925143
wsa,7,GOV,2012,24022.390245843893,12019.693857910188,11853.705517281523,50.34764286815633,0.6909734582193905
wsa,7,USS,2012,28654.280010385337,15500.227878824084,12394.823006518192,55.56622908678338,10.837490494196267
wsa,70,WSC,2025,19495,8780,10708,45.05336617405583,-9.889715311618358
wsa,70,PRE,2024,29733,10828,18512,36.90524880708929,-25.843339050886215
wsa,70,WSA,2024,28988,9626,19344,33.22747670003452,-33.524216917345115
wsa,70,GOV,2022,22201,9108,12744,41.680395387149915,-16.37764064681771
wsa,70,USS,2022,22177,8469,13669,38.2554883006595,-23.447716102268117
wsa,70,PRE,2020,28755,10899,17384,38.535516034366935,-22.552599547904713
wsa,70,GOV,2018,21790.96117280956,9481.988075973011,11826.973492667885,44.49765440436608,-10.761275733081993
wsa,70,USS,2018,21701.96119662219,10878.987751579563,10806.973445042626,50.166039000724936,0.3318331734375568
wsa,70,PRE,2016,25642.378214233187,9471.931956021714,14604.486903428258,39.341116348389114,-20.015908448607323
wsa,70,USS,2016,25316.379303909143,10479.898559566233,13645.533805910462,43.43921551666318,-12.504296954720612
wsa,70,GOV,2014,20155.959986777005,9096.985821509586,10743.975796218048,45.849520788254296,-8.171230622550068
wsa,70,PRE,2012,25619.60999862618,13432.024470001128,11812.6287100473,53.20740346164406,6.3209227620587
wsa,70,GOV,2012,20712.94805803623,8877.21775511502,11613.748007264505,43.32259327382795,-13.211688864771537
wsa,70,USS,2012,25192.636868508343,12208.070125764518,12214.641076548003,49.98654745836968,-0.02608282260321837
wsa,71,WSC,2025,25152,15331,9809,60.98249801113763,21.954516539440206
wsa,71,PRE,2024,35989,18883,16459,53.42934751853319,6.7353913695851535
wsa,71,WSA,2024,35065,18631,16416,53.16004222900676,6.316840153999714
wsa,71,GOV,2022,27810,15625,11892,56.783079550823125,13.42322905429702
wsa,71,USS,2022,27734,14996,12697,54.150868450510956,8.289464195572215
wsa,71,PRE,2020,33564,17729,15084,54.03041477463201,7.880467167202959
wsa,71,GOV,2018,29133,15528,12813,54.78988038530751,9.319328596437032
wsa,71,USS,2018,28997,17310,11645,59.782420998100505,19.53650377625272
wsa,71,PRE,2016,32290,16011,13841,53.63459734691143,6.720346856611953
wsa,71,USS,2016,31741,16358,14197,53.5362461135657,6.808229104313035
wsa,71,GOV,2014,25183,12968,11849,52.25450296167949,4.4434737719890425
wsa,71,PRE,2012,33189.00634744959,18865.002987793785,13742.003245147123,57.855673265506965,15.435833447422077
wsa,71,GOV,2012,25429.005615053644,13227.002262753727,11988.003264357583,52.45686838550158,4.872384776472233
wsa,71,USS,2012,32338.006056895676,18263.003155842125,13071.002762088092,58.284929171445356,16.055412892864197
wsa,72,WSC,2025,23760,10139,13599.999999999998,42.710307932094864,-14.566498316498311
wsa,72,PRE,2024,35328,13215,21276,38.31434287205358,-22.81759510869565
wsa,72,WSA,2024,34421,12407,21993,36.06686046511628,-27.849278057000088
wsa,72,GOV,2022,27140,10846,15845,40.63542017908659,-18.419307295504794
wsa,72,USS,2022,27139,10291,16785,38.00782981237997,-23.928663546925094
wsa,72,PRE,2020,33687,12976,20231,39.07609841298522,-21.536497758779355
wsa,72,GOV,2018,26814,11189,15120,42.529172526511836,-14.66025210710823
wsa,72,USS,2018,26716,12838,13848,48.1076219740688,-3.780506063782002
wsa,72,PRE,2016,30067.502458723746,11203.034235185798,17412.431022092813,39.150278125693596,-20.651521673378724
wsa,72,USS,2016,29772.50255440953,12145.06002490233,16352.39248104669,42.61805514849783,-14.131604988379532
wsa,72,GOV,2014,24496,10915,13200,45.262284884926395,-9.328053559764859
wsa,72,PRE,2012,30956.323594088368,15575.04678137894,14936.261257826816,51.046801275663626,2.063505770026619
wsa,72,GOV,2012,25281.276211734057,11245.038038108054,13745.238596725414,44.99765329701797,-9.88953460133044
wsa,72,USS,2012,30073.31182066107,15203.050150014227,13864.254783502884,52.302923111677266,4.4517723039454555
wsa,73,WSC,2025,23166,14900,8249.000000000002,64.36563134476651,28.710178710178702
wsa,73,PRE,2024,33934,19277,14025,57.885412287550295,15.477102610950666
wsa,73,WSA,2024,33033,19265,13720,58.40533575867819,16.786244058971327
wsa,73,GOV,2022,26015.997228637418,16067.777829099306,9677.244341801386,62.41120214400333,24.563861347061746
wsa,73,USS,2022,26013.999076212473,15614.818475750577,10359.184295612007,60.1171048344022,20.203099741571023
wsa,73,PRE,2020,33484,19523,13323,59.43798331608111,18.516306295544137
wsa,73,GOV,2018,26125,16270,9198,63.88408983822836,27.069856459330143
wsa,73,USS,2018,26001,17304,8682,66.58970214731009,33.16026306680513
wsa,73,PRE,2016,30622,16576,11991,58.02499387405048,14.972895304029782
wsa,73,USS,2016,30003,17262,11713,59.57549611734254,18.49481718494817
wsa,73,GOV,2014,22755,14590,7930,64.78685612788632,29.268292682926834
wsa,73,PRE,2012,31402,20902,10014,67.60900504593091,34.67295076746704
wsa,73,GOV,2012,25148,16509,8472,66.08622553140387,31.958803881024338
wsa,73,USS,2012,30883,20525,9834,67.60762870977305,34.61775086617233
wsa,74,WSC,2025,27208,11768,15427.000000000002,43.272660415517564,-13.44825051455455
wsa,74,PRE,2024,38783,14879,23362,38.908501346722105,-21.872985586468292
wsa,74,WSA,2024,37468,14051,23396,37.52236494245199,-24.941283228354866
wsa,74,GOV,2022,29897,12445,17087,42.140728701070024,-15.526641469043717
wsa,74,USS,2022,29899,11925,17947,39.92032672737012,-20.14114184420884
wsa,74,PRE,2020,36681,14932,21290,41.223565788747166,-17.333224285052207
wsa,74,GOV,2018,28254,12429,15258,44.89110412829125,-10.012741558717353
wsa,74,USS,2018,27989,13861,14119,49.53895639742673,-0.9217907034906547
wsa,74,PRE,2016,32211,12339,18252,40.33539276257723,-18.35708298407376
wsa,74,USS,2016,31540,12948,17664,42.29713837710702,-14.952441344324669
wsa,74,GOV,2014,24946,11491,13206,46.5279183706523,-6.8748496752986386
wsa,74,PRE,2012,32409,16556,15397,51.813601226801865,3.5761671140732476
wsa,74,GOV,2012,26168,12003,13976,46.20270218253204,-7.539743197798837
wsa,74,USS,2012,31644,16341,14757,52.546787574763655,5.005688282138799
wsa,75,WSC,2025,25074,9825,15248.999999999998,39.18401531466858,-21.631969370662834
wsa,75,PRE,2024,37946,12821,24641,34.224013667182746,-31.14952827702524
wsa,75,WSA,2024,36940,12298,24642,33.29182458040065,-33.4163508391987
wsa,75,GOV,2022,27794,10235,17146,37.37993499141741,-24.865078793984313
wsa,75,USS,2022,27838,9830,18006,35.31398189395028,-29.369926000431068
wsa,75,PRE,2020,35559,12548,22522,35.77986883376105,-28.049157737844148
wsa,75,GOV,2018,25493,9770,15155,39.19759277833501,-21.12344565174754
wsa,75,USS,2018,25393,11197,14196,44.09482928366085,-11.810341432678296
wsa,75,PRE,2016,30673,10195,18767,35.20129825288309,-27.946402373422874
wsa,75,USS,2016,30195,10910,18307,37.3412739158709,-24.497433349892372
wsa,75,GOV,2014,22030,8866,12907,40.72015799384559,-18.343168406718114
wsa,75,PRE,2012,30437,13613,16292,45.52081591707072,-8.801787298353975
wsa,75,GOV,2012,22814,8852,13814,39.05408982617136,-21.749802752695718
wsa,75,USS,2012,29791,13750,15263,47.39254816806259,-5.0787150481689025
wsa,76,WSC,2025,32856.27958015267,30703.361641221374,2130.4475190839694,93.51142138677108,86.96332782424125
wsa,76,PRE,2024,39459,34891,3733,90.33502485501242,78.96297422641223
wsa,76,WSA,2024,34709,34311,0,100,98.85332334552997
wsa,76,GOV,2022,33539.94363766737,30882.806237390436,2498.130150365753,92.51629696259197,84.62946865285423
wsa,76,USS,2022,33617.93414123858,30700.602554348716,2846.501275069704,91.51491201880287,82.85488680611947
wsa,76,PRE,2020,38915.756682659354,34810.15524331734,3569.5366689513367,90.69941291579185,80.2775565412214
wsa,76,GOV,2018,34694.998346927634,30842.323705565337,3155.4058717609423,90.71877472116448,79.80089105914648
wsa,76,USS,2018,34698.967335050555,31577.60281245905,3056.354185299143,91.17526713595858,82.19624622185705
wsa,76,PRE,2016,35673.84333191663,30094.65601005125,3257.184475808198,90.23386887092727,75.23010987221592
wsa,76,USS,2016,35317.28738916228,30840.822221618735,3780.072270793763,89.08152915684428,76.62182446981765
wsa,76,GOV,2014,29851.10443721014,26117.106622425777,3336.7807316448047,88.67117032284142,76.31317607929017
wsa,76,PRE,2012,35449.31565045318,30557.716043230077,4008.869742999822,88.40247119634009,74.8924085362163
wsa,76,GOV,2012,30403.26032857364,26491.22151655311,3711.0070910235017,87.71280378265679,74.92688014160201
wsa,76,USS,2012,35071.51844119196,30031.926053029063,4423.049274463863,87.16281398427081,73.01901348099955
wsa,77,WSC,2025,26654,24548.999999999996,2092,92.14744191284112,84.25377054100697
wsa,77,PRE,2024,35354,28864,5905,83.01648019787741,64.9403179272501
wsa,77,WSA,2024,30388,29888,0,100,98.35461366328813
wsa,77,GOV,2022,27821.95794053662,24509.451051486587,3157.308919506889,88.58807853605882,76.74564880593687
wsa,77,USS,2022,27956.98622189993,24559.30964467005,3349.5068890500365,87.99839152977668,75.86584114351156
wsa,77,PRE,2020,29228.453383578075,25135.341353763237,3596.983360619169,87.48105697546067,73.68969445795355
wsa,77,GOV,2018,30549.312727584635,24925.646933049768,4938.991116828685,83.46207608952157,65.42424045492206
wsa,77,USS,2018,30530.845627413684,25748.366421806928,4723.546816833226,84.49868644662753,68.86419020800226
wsa,77,PRE,2016,35320.69724122201,27371.513296851317,5217.809561784283,83.98920534673935,62.72159233938319
wsa,77,USS,2016,34559.84732720856,25786.91680134028,7938.823831968712,76.46063901669224,51.64401567052056
wsa,77,GOV,2014,24734.144520317135,18299.041744706257,6051.571504900988,75.14817617581522,49.51644973912458
wsa,77,PRE,2012,32831.452106810866,24855.29582716252,7164.557991113418,77.62463866395257,53.88350712754241
wsa,77,GOV,2012,19733.001228365,16052.35569242366,3582.1235587835113,81.75595332601819,63.1948074665649
wsa,77,USS,2012,31954.07969648496,23449.10980425883,7808.018178715386,75.02003964353852,48.948653111308374
wsa,78,WSC,2025,28721.36892599847,24722.79753527875,3971.041810567048,86.16064667155821,72.25197301068506
wsa,78,PRE,2024,36513,29213,6685,81.37779263468717,61.69857311094679
wsa,78,WSA,2024,30198,29638,0,100,98.1455725544738
wsa,78,GOV,2022,30755.96036178696,25632.337115320646,4902.830257962771,83.94366011482067,67.39996609929779
wsa,78,USS,2022,30719.444818963308,25224.133313286777,5438.365585549342,82.26378872937923,64.40795998866345
wsa,78,PRE,2020,36364.8027691765,29016.246958704327,6752.48047180993,81.12183195522523,61.22339402804513
wsa,78,GOV,2018,31254.88515264565,24847.626371022085,5845.731706169719,80.95440814436763,60.796558912467816
wsa,78,USS,2018,31167.508087049777,25528.40734269256,5593.124826582341,82.02811867950312,63.96174650996051
wsa,78,PRE,2016,32706.883153213297,24452.044204704904,6265.729873610365,79.60226591407364,55.60393586237464
wsa,78,USS,2016,32407.40514977993,25116.530364564733,6666.38014876931,79.02526848202737,56.93189606055428
wsa,78,GOV,2014,27238.38436151794,20748.203343076973,6172.114040920357,77.07265500298543,53.513046547465336
wsa,78,PRE,2012,32564.07671587844,24926.24971928589,7179.280016114284,77.63849381934268,54.49861163887406
wsa,78,GOV,2012,28455.25106522103,21331.639863293276,6943.883714925119,75.44206848825877,50.56274539764423
wsa,78,USS,2012,32241.759901505073,24060.921574007418,7642.732485885779,75.89321258853174,50.92212440722017
wsa,79,WSC,2025,31440,28151,3264,89.61005888906574,79.15712468193384
wsa,79,PRE,2024,37783,32094,4975,86.57908225201652,71.77566630495195
wsa,79,WSA,2024,32609,32151,0,100,98.5954797755221
wsa,79,GOV,2022,33398.63083218893,29290.0577118038,3934.916078296364,88.15675189646403,75.91670976245727
wsa,79,USS,2022,33422.73469603193,28923.804007068054,4439.0617042259955,86.69460308763801,73.25774663719837
wsa,79,PRE,2020,38219.37501627958,32476.547202083784,5153.110883438246,86.30571962220166,71.49105998464678
wsa,79,GOV,2018,34016.678386680134,28316.767116804487,5114.28864820738,84.70198283848437,68.20912437377328
wsa,79,USS,2018,33986.522127199794,29003.099618322427,4941.341501266276,85.44285503521012,70.79794168700556
wsa,79,PRE,2016,36329.665189163214,29031.690451948907,5228.98256018834,84.73765369893374,65.51865470772542
wsa,79,USS,2016,36191.07683814684,29317.807998346085,6313.5551338255245,82.28090485787504,63.56332796451407
wsa,79,GOV,2014,30888.45341719665,24523.909904039116,6078.286397210417,80.13774456782295,59.71688921323395
wsa,79,PRE,2012,36824.993560392744,28900.365537003916,7403.921457824213,79.6059306745813,58.374603769925116
wsa,79,GOV,2012,32343.14287100649,25202.685524540477,6976.252653701182,78.32043862025783,56.353314034852495
wsa,79,USS,2012,36401.58598357956,27986.46683898467,7841.365625724654,78.11375937004156,55.34127337843822
wsa,8,WSC,2025,6870,5785,1077.0000000000002,84.30486738560187,68.52983988355167
wsa,8,PRE,2024,13737,9903,3542,73.65563406470808,46.305598019946125
wsa,8,WSA,2024,11215,10987,0,100,97.96700847079804
wsa,8,GOV,2022,8010,6504,1414,82.1419550391513,63.54556803995006
wsa,8,USS,2022,8094,6503,1569,80.56243805748265,60.958734865332346
wsa,8,PRE,2020,13588,10556,2788,79.10671462829735,57.16808949072711
wsa,8,GOV,2018,10833,8773,1763,83.26689445709947,64.70968337487307
wsa,8,USS,2018,10782,9211,1560,85.51666511930182,70.96086069374884
wsa,8,PRE,2016,13356,10729,2029,84.09625333124315,65.1392632524708
wsa,8,USS,2016,12745,9902,2415,80.39295282942275,58.744605727736364
wsa,8,GOV,2014,8273,6458,1677,79.38537185003072,57.79040251420283
wsa,8,PRE,2012,14908.783058684065,12698.632408505133,2085.1474277152097,85.89570833159604,71.18947897365628
wsa,8,GOV,2012,9437.585682781188,7430.45436738458,1905.1256760850968,79.59285157200543,58.54599764196482
wsa,8,USS,2012,13590.748417199067,10847.569570462583,2371.164345649742,82.06209187129845,62.368936313220004
wsa,80,WSC,2025,34041.02782184681,27099.358421501594,6921.679831499597,79.65470724313066,59.27458681800552
wsa,80,PRE,2024,42876,31375,10650,74.65794170136823,48.337065024722456
wsa,80,WSA,2024,41667,30593,11038,73.48610410511398,46.93162454700362
wsa,80,GOV,2022,35009.56885168884,26802.12932718461,7964.367377973395,77.09183227313268,53.8074662644767
wsa,80,USS,2022,34927.52399732951,26021.761324860297,8820.478864794026,74.684524253371393,49.2485023026008
wsa,80,PRE,2020,38967.458515981736,28483.75101978691,9773.438409436834,74.45332875924457,48.015224299722824
wsa,80,GOV,2018,31707.234331975877,22164.983173862027,8942.256461725327,71.2534555734248,41.702554608498104
wsa,80,USS,2018,31587.28044924302,23159.793700819668,8394.411911283405,73.39685234204214,46.744707298440794
wsa,80,PRE,2016,31055.47582523049,20467.30334739655,8325.648860305573,71.0844209365983,39.096662229295795
wsa,80,USS,2016,30889.403320705303,20316.871721516083,10066.667827938363,66.86802137863785,33.18356067663814
wsa,80,GOV,2014,24717.362056498,15102.051662184324,9349.40059967817,61.763413888259514,23.273725769590474
wsa,80,PRE,2012,29810.551887269477,18696.208756610697,10760.262801212835,63.470632318978645,26.621264797136774
wsa,80,GOV,2012,25390.93367726512,15095.592161492508,10188.354719564186,59.704255164380484,19.32673096744856
wsa,80,USS,2012,29491.498629246467,17619.894552346475,11364.307031461904,60.791374574863525,21.211494198809415
wsa,81,WSC,2025,32155.972178153188,24085.641578498406,8055.320168500403,74.93752603948582,49.85177036845748
wsa,81,PRE,2024,41077,28184,12234,69.73130783314365,38.829515300533146
wsa,81,WSA,2024,31686,30969,0,100,97.73717099034273
wsa,81,GOV,2022,34289.80031612224,24529.81296101159,9471.716543730245,72.14326331287737,43.91421436829246
wsa,81,USS,2022,34203.74130663856,23713.434668071655,10399.45943097998,69.51457885460064,38.925493903520966
wsa,81,PRE,2020,39294.541484018264,26905.24898021309,11708.561590563166,69.67778777206605,38.67378728882909
wsa,81,GOV,2018,32818.449596563914,22175.2352674899,10147.223064113605,68.60627691120855,36.65015365209582
wsa,81,USS,2018,32743.40823115173,23276.38175692383,9424.10368729532,71.18053888413657,42.3055473389896
wsa,81,PRE,2016,33727.78362902596,21392.15189550821,10199.362102669524,67.71486765953084,33.18566649961022
wsa,81,USS,2016,33708.87520145735,22062.607834182945,11107.164076121036,66.51419820987473,32.50017597023904
wsa,81,GOV,2014,28871.5708093557,17744.4006033858,10863.08972122913,62.02711388533747,23.83421022567574
wsa,81,PRE,2012,33077.569622928226,20982.281829090007,11786.411815429195,64.03148705502161,27.800924065734723
wsa,81,GOV,2012,29116.630608206226,17461.244661803765,11501.385297943274,60.28887806829637,20.46891841317919
wsa,81,USS,2012,32819.604673249,20091.663636301797,12225.30332160424,62.17063520370548,23.968479794363173
wsa,82,WSC,2025,23096,11448,11633,49.59923746804731,-0.8010045029442359
wsa,82,PRE,2024,33733,15213,17931,45.89971035481535,-8.057391871461178
wsa,82,WSA,2024,32586,13917,18632,42.75707395004455,-14.469404038544159
wsa,82,GOV,2022,25759.52683131579,11892.446618050426,13629.09906753755,46.59767384216895,-6.741787071088129
wsa,82,USS,2022,25667.06698031643,11303.341487585918,14307.650218518727,44.13472784379392,-11.704916394369308
wsa,82,PRE,2020,32904,14797,17402,45.954843318115465,-7.916970581084365
wsa,82,GOV,2018,27079.021974371608,10916.005939019356,15630.01569597972,41.121061713546425,-17.408345698089995
wsa,82,USS,2018,26875.02184710691,12364.006914715392,14469.014847548386,46.07757942530099,-7.83258128982543
wsa,82,PRE,2016,29993.04787994954,11930.013629412622,15622.031152943138,43.29992101730527,-12.30957766715881
wsa,82,USS,2016,29788.04770294418,11116.012036364396,17886.03513556371,38.32837030595515,-22.727313876733795
wsa,82,GOV,2014,24254.02074414617,7910.004623950783,16123.015908087556,32.913068972774276,-33.86247324010814
wsa,82,PRE,2012,32027.504418892404,13053.29986756538,18551.13664812052,41.30211231922066,-17.165985549945223
wsa,82,GOV,2012,25556.565191487975,8526.324589474112,16907.214901137668,33.523940278235415,-32.79349258739568
wsa,82,USS,2012,30958.22063135905,11953.249964311744,18176.697300850137,39.672322885652164,-20.102729451557583
wsa,83,WSC,2025,29745.49235769204,13072.079419021864,16662.468654902943,43.96259659478462,-12.070364116708332
wsa,83,PRE,2024,40563,16458,23499,41.18927847435994,-17.35818356630427
wsa,83,WSA,2024,39019,15194,23772,38.99296822871221,-21.98416156231579
wsa,83,GOV,2022,34032.0991219393,13883.608083113077,19883.233551466663,41.116099140570014,-17.629313569099942
wsa,83,USS,2022,33921.45879039422,13119.079874498651,20724.2844917924,38.76411261158664,-22.420039964340717
wsa,83,PRE,2020,40447,16299,23484,40.969760953170955,-17.76398744035405
wsa,83,GOV,2018,33910.53131997717,11684.800222920743,21782.68543682903,34.913887292625816,-29.778021224808942
wsa,83,USS,2018,33742.4952545456,13627.05975886122,20067.426604922708,40.442995960039575,-19.086812630414094
wsa,83,PRE,2016,36393.54179250384,12807.38399681795,21207.51438407957,37.652277697264765,-23.08137645726978
wsa,83,USS,2016,36379.52429542554,11746.76575469975,23946.54912396751,32.91026847640989,-33.53475232440517
wsa,83,GOV,2014,31373.917365916877,9061.167086641915,22088.73490158994,29.088910424389585,-41.523561316893606
wsa,83,PRE,2012,37575.503880976365,12826.14455484466,24403.103717977636,34.4517956979751,-30.80985740019345
wsa,83,GOV,2012,33262.69246155065,9792.852744916168,23355.68580500164,29.542336324026113,-40.77491043686003
wsa,83,USS,2012,37013.06700442264,12490.379822865249,23730.02375173888,34.484375076435796,-30.36669165387084
wsa,84,WSC,2025,30099.97707996077,10101.372903716525,19977.27095389901,33.583205916908334,-32.8103175093692
wsa,84,PRE,2024,41298,12512,28252,30.693749386713765,-38.113225822073716
wsa,84,WSA,2024,39895,11174,28676,28.040150564617317,-43.870159167815515
wsa,84,GOV,2022,33193.430162346915,10194.29578421968,22731.02339525125,30.961873835306246,-37.768701666911944
wsa,84,USS,2022,33130.703151522765,9578.660160063602,23480.94558335592,28.973909230512294,-41.96193892930803
wsa,84,PRE,2020,39774,11956,27278,30.473568843350158,-38.52265298939005
wsa,84,GOV,2018,32230.852410940064,8785.942595727003,23023.909787267447,27.62019291992681,-44.17496319988011
wsa,84,USS,2018,32067.852395414724,10468.931477409798,21556.920914899856,32.68900183878851,-34.57665109833016
wsa,84,PRE,2016,34750.00295255612,9481.000720752456,23470.00206109913,28.773026373492655,-40.256115544639634
wsa,84,USS,2016,34721.002958878504,8992.000632238996,25104.00227606039,26.37259463058713,-46.40419420747578
wsa,84,GOV,2014,29766.90444235857,7467.968597463447,22101.935838684985,25.255301766663983,-49.161871263970845
wsa,84,PRE,2012,35355.00876557389,10468.002137506746,24609.006538255933,29.842915723711272,-39.997174076558736
wsa,84,GOV,2012,31097.007508216975,8318.001634563983,22672.005855690753,26.840915211716883,-46.158795881995765
wsa,84,USS,2012,34875.008819460614,10411.002191393472,23654.006394558,30.562159305273166,-37.97276230586871
wsa,85,WSC,2025,19992.180189673338,10882.63329820864,9099.047418335089,54.463052696054845,8.921417589037317
wsa,85,PRE,2024,29970,14658,14838,49.69487388120423,-0.6006006006005982
wsa,85,WSA,2024,29410,13736,15636,46.76562712787689,-6.460387623257402
wsa,85,GOV,2022,22881.173848439823,11435.7882615156,11153.417533432392,50.625012518471,1.2340744839122897
wsa,85,USS,2022,22817.82466567608,10985.979197622586,11785.845468053492,48.24373698161188,-3.5054448973574237
wsa,85,PRE,2020,29740.169126983616,14493.003614041674,14629.676837574298,49.76534916873519,-0.4595576539899948
wsa,85,GOV,2018,24324.18650141045,11128.444352567834,12631.183195470488,46.83762121299177,-6.177961358812622
wsa,85,USS,2018,24223.171414869284,12958.032015150411,11236.1529108445,53.558456524931074,7.108396645572778
wsa,85,PRE,2016,27225.149533548705,12235.741830825193,13180.5695684274,48.14129650294183,-3.470422582759097
wsa,85,USS,2016,26963.284769090315,12561.396242885146,13370.472797913872,48.43999567914717,-3.0006602012979497
wsa,85,GOV,2014,21757.2901321888,9614.227442751142,11866.21598808696,44.75804921675224,-10.350501058052796
wsa,85,PRE,2012,27986.868446303622,14521.914468961608,13051.918102582422,52.66556410423738,5.252450338270465
wsa,85,GOV,2012,22689.08584857532,9966.190894920608,12507.81770825213,44.34540838216839,-11.201979798983896
wsa,85,USS,2012,27478.069428042796,13944.56334366176,12622.825810078572,52.48751867549828,4.8101542833802196
wsa,86,WSC,2025,24691.819810326662,10092.36670179136,14587.952581664911,40.89236685263015,-18.206782304451284
wsa,86,PRE,2024,35744,12656,22592,35.905583295506126,-27.797672336615936
wsa,86,WSA,2024,34877,11513,23331,33.041556652508326,-33.88479513719644
wsa,86,GOV,2022,28502.826151560177,10634.2117384844,17468.58246656761,37.84040711714247,-23.977870446047366
wsa,86,USS,2022,28449.17533432392,10024.020802377414,18373.154531946508,35.29935877200184,-29.347542174608716
wsa,86,PRE,2020,34726.158358456305,12491.204575906631,21746.943204456904,36.48329534657439,-26.653505789523567
wsa,86,GOV,2018,27863.69072631312,10171.323695760031,17264.341917451333,37.07336224006949,-25.45613318551873
wsa,86,USS,2018,27682.71090536341,12493.261810964375,15176.450950478118,45.15139683117212,-9.692653110045974
wsa,86,PRE,2016,31723.478887162808,10934.456534405794,19028.875532258837,36.49279229051699,-25.51554647157101
wsa,86,USS,2016,31559.480877967177,11678.5341902562,18653.900888350476,38.50180231158894,-22.102285918663622
wsa,86,GOV,2014,25947.397413910832,9073.07776940854,16598.328924897723,35.34312660560546,-29.00194973486925
wsa,86,PRE,2012,31667.211687467105,13808.127405472724,17423.24569982677,44.212360945249934,-11.415966552510831
wsa,86,GOV,2012,26876.279636022904,9078.122765459331,17606.233481065967,34.02039262851409,-31.73099413721016
wsa,86,USS,2012,31059.40457343402,13892.176799169309,16085.47458320764,46.341778486810156,-7.061622121096045
wsa,87,WSC,2025,25518,10494.000000000004,15004.999999999998,41.15455508059141,-17.677717689474076
wsa,87,PRE,2024,37169,13498,23211,36.77027431964913,-26.13199171352471
wsa,87,WSA,2024,36192,12273,23885,33.94269594557221,-32.08443854995579
wsa,87,GOV,2022,29194,10992,17873,38.08072059587736,-23.56991162567651
wsa,87,USS,2022,29111,10466,18610,35.99532260283395,-27.97567929648586
wsa,87,PRE,2020,35973.13241106719,13237.754940711462,22166.264822134388,37.39054217398105,-24.819940002433754
wsa,87,GOV,2018,28807.14984084548,10654.474011343844,17602.501372775547,37.70564211671335,-24.119107234899506
wsa,87,USS,2018,28683.1170275816,12823.010047111597,15830.106980470006,44.752583234724916,-10.483856864185276
wsa,87,PRE,2016,31989.693101849985,11606.733732632836,18721.50714336024,38.27038231492146,-22.240830470224022
wsa,87,USS,2016,31728.686200051816,12173.862869755569,18443.52992087747,39.76126560808924,-19.760247908126942
wsa,87,GOV,2014,26163.234376942015,9836.183265732068,16079.983749048148,37.95385042904843,-23.864788249647066
wsa,87,PRE,2012,31840.539284992246,14747.204704910131,16754.18860395929,46.814452174589874,-6.303234631440841
wsa,87,GOV,2012,26799.9590488802,10063.93468708628,16567.971263589116,37.789014071037805,-24.268830279330594
wsa,87,USS,2012,31333.32248947232,14518.042362165472,15802.916151746986,47.88121178789259,-4.100662449739312
wsa,88,WSC,2025,23667.287743779423,13164.236522080253,10491.83198834342,55.64845450240238,11.291553821748046
wsa,88,PRE,2024,34844,17215,17094,50.176338570054504,0.34726208242452095
wsa,88,WSA,2024,33818,16788,17008,49.67451769440171,-0.6505411319415677
wsa,88,GOV,2022,26847.758301521008,13768.163954268488,12799.813721641092,51.82240109586031,3.6068196895698956
wsa,88,USS,2022,26782.56835687838,13128.384451809756,13594.748184757344,49.127415675231454,-1.741295781395119
wsa,88,PRE,2020,34082.6904109589,16595.915068493152,16835.453424657535,49.641746110074045,-0.7028152803552234
wsa,88,GOV,2018,28075.707433381776,13069.263000472763,14441.26435535597,47.50640666182556,-4.886791750977953
wsa,88,USS,2018,27933.3942311897,14811.340792719338,13077.05343847036,53.10933526662033,6.208652410427512
wsa,88,PRE,2016,31301.65741663388,13597.389593764628,15602.275319925517,46.56693709998551,-6.4050465426648
wsa,88,USS,2016,31034.530249864263,12793.523971520755,17216.31613399567,42.631096755390715,-14.251197381968627
wsa,88,GOV,2014,24302.404315522504,10057.675018913093,14005.795659932292,41.796443884360244,-16.245802636480068
wsa,88,PRE,2012,31073.982375189244,14927.052858018047,15827.097918554033,48.53670961836211,-2.8964586826007164
wsa,88,GOV,2012,25235.22113303328,10123.869229046924,14968.44648965404,40.34649229884247,-19.197681031078783
wsa,88,USS,2012,30474.151229743664,14434.70098529996,15174.087698467712,48.75140668356166,-2.426275001372602
wsa,89,WSC,2025,19877,11242,8624,56.58914728682171,13.17100166021029
wsa,89,PRE,2024,30533,15328,14713,51.02360107852601,2.0142141289752056
wsa,89,WSA,2024,29559,15169,14343,51.39943074003796,2.794411177644718
wsa,89,GOV,2022,23085.565205574996,12074.63588835614,10669.00620963255,53.0901595985981,6.08878173961338
wsa,89,USS,2022,23012.361936324807,11578.106661338885,11375.994626087546,50.44025255600412,0.8782759275670293
wsa,89,PRE,2020,30552.1467025572,15109.487213997309,14856.336473755047,50.42239910185704,0.8285857707703181
wsa,89,GOV,2018,25030.02579149205,12248.467530501126,12099.417765228736,50.30608359506796,0.5954838661135275
wsa,89,USS,2018,24907.05387828994,13968.422831172667,10876.631045610617,56.22214747630555,12.413317932623864
wsa,89,PRE,2016,28435.99082240853,12673.48859590524,13790.822656809514,47.8889795199381,-3.929295335205185
wsa,89,USS,2016,27994.07865633246,12162.28134759724,14529.501920082232,45.56563803035331,-8.456147464419267
wsa,89,GOV,2014,22448.311806774087,10015.175037589688,12096.080569975536,45.29446547650175,-9.269764026343868
wsa,89,PRE,2012,30006.529834231023,16020.642305428952,13562.984837155587,54.15374601705897,8.190408827180356
wsa,89,GOV,2012,24097.26958345621,10474.093203242968,13418.173236776873,43.838843123307605,-12.217483907617233
wsa,89,USS,2012,29143.577212215645,15236.809221390462,12931.806597499672,54.09143750390645,7.909127308244917
wsa,9,WSC,2025,10460,8078,2371,77.30883338118481,54.56022944550669
wsa,9,PRE,2024,18989,12478,6075,67.25596938500512,33.719521828426984
wsa,9,WSA,2024,17737,12449,5234,70.40095006503422,40.677679427186106
wsa,9,GOV,2022,12362,9038,3184,73.94861724758633,47.35479695842098
wsa,9,USS,2022,12474,8934,3496,71.8744971842317,43.59467692801026
wsa,9,PRE,2020,18965,13305,5369,71.24879511620435,41.845504877405745
wsa,9,GOV,2018,15577.567341039536,11167.18322244779,4066.342963028345,73.30662045334418,45.58375581989675
wsa,9,USS,2018,15516.567341039536,11832.258674314024,3640.301807464943,76.472531409705,52.79490422589988
wsa,9,PRE,2016,18469.776549497717,12772.036136298326,4666.596443966177,73.2398946850488,43.88488225945849
wsa,9,USS,2016,17975.749126786628,12245.01556926501,5095.678712099442,70.6143327976457,39.7721219112474
wsa,9,GOV,2014,13593.138637254106,8943.857407570862,4462.267511162109,66.71471034163807,32.96950039283982
wsa,9,PRE,2012,19997.806048914947,14422.677837272791,5360.2835238446505,72.90454433995885,45.316942724923834
wsa,9,GOV,2012,14981.3646263401,9929.454732835182,4936.9587989861475,66.79119151085993,33.32470745069026
wsa,9,USS,2012,18953.264111132183,13024.829462566908,5380.698388939041,70.76585669071812,40.33147551158797
wsa,90,WSC,2025,16027,9846,6165,61.49522203485104,22.967492356648155
wsa,90,PRE,2024,24994,13526,11023,55.097967330644835,10.01440345682964
wsa,90,WSA,2024,23693,12446,11222,52.58576981578502,5.166082809268557
wsa,90,GOV,2022,18499.97781599912,10454.370507144138,7818.215243032326,57.213416043447374,14.24950500120069
wsa,90,USS,2022,18439.634051608555,10121.536523183244,8268.866492752632,55.037056634444646,10.047216909215168
wsa,90,PRE,2020,24500,13419,10560,55.96146628299762,11.66938775510204
wsa,90,GOV,2018,20297.010722794043,11075.004911203378,8647.00534775479,56.15555800744435,11.962350498844065
wsa,90,USS,2018,20175.010668225113,12274.00562059942,7870.004993056768,60.93129047637876,21.828987850196224
wsa,90,PRE,2016,23118.0255056592,11554.010534946192,9840.013085512112,54.00578563397267,7.4141169582778605
wsa,90,USS,2016,22641.025006635435,11164.010645840362,10475.01297461794,51.59202578477483,3.0431381574840266
wsa,90,GOV,2014,17111.009194864102,8419.004038100555,8439.005047625695,49.94067802009292,-0.11688971291736183
wsa,90,PRE,2012,23885.521927417263,13756.17746711412,9758.180327459902,58.50118292530354,16.738161099444394
wsa,90,GOV,2012,17545.775497094575,8519.778183291939,8862.87342235522,49.01311017775959,-1.955429323258434
wsa,90,USS,2012,23160.11437653505,13002.032621345415,9402.54046873119,58.03294072630312,15.541771919145164
wsa,91,WSC,2025,24217.564509879892,14486.33940333204,9710.334753971329,59.86913453128258,19.72124260229502
wsa,91,PRE,2024,35138,18067,16478,52.29989868287741,4.522169730775799
wsa,91,WSA,2024,34377,17712,16610,51.60538430161412,3.20563167233906
wsa,91,GOV,2022,26947.898348326697,14913.673929388153,11702.111751104543,56.03319063513018,11.91767215673436
wsa,91,USS,2022,26572.095694793086,13967.089691071633,12537.071475544462,52.69772396594158,5.381653867095581
wsa,91,PRE,2020,33357,17302,15324,53.03132471035371,5.929789849207056
wsa,91,GOV,2018,27244.646299716944,14389.296948518597,12159.3388706624,54.19976019303614,8.184940458850315
wsa,91,USS,2018,27099.643970708956,16108.340035166391,10950.303935542564,59.53121691021806,19.033593597019077
wsa,91,PRE,2016,29794.42853488225,14147.618790067438,13441.722727461578,51.27929124759532,2.369221687804557
wsa,91,USS,2016,29437.416449138746,14486.611538621337,13788.763818989491,51.234020257566634,2.3706146931663286
wsa,91,GOV,2014,23296.58458100524,11563.255026374794,11408.324896614464,50.33722131929916,0.6650336628599707
wsa,91,PRE,2012,29688.27299294313,16380.012393141498,12858.16230711242,56.0226914336046,11.862765095383686
wsa,91,GOV,2012,23932.51600724678,11503.384449208965,12204.11615801998,48.52213077957836,-2.927948355278792
wsa,91,USS,2012,29241.179646791465,15644.883020214003,12626.09037249644,55.339032027273504,10.323771763595058
wsa,92,WSC,2025,21954.72258064516,12028.547096774195,9919.090322580645,54.80565797103358,9.60821420742161
wsa,92,PRE,2024,33070,15152,17459,46.462849958602924,-6.97611127910493
wsa,92,WSA,2024,31939,14908,17009,46.708650562396215,-6.578164626318922
wsa,92,GOV,2022,24007.082723691616,11859.5762521103,11830.947101857062,50.060423211900975,0.11925293290627748
wsa,92,USS,2022,23791.532357906584,11189.256049521666,12573.092853123242,47.088173376143914,-5.816509768197797
wsa,92,PRE,2020,30198.8813341015,14042.986560701742,15505.77509180324,47.52478877405427,-4.843850058279053
wsa,92,GOV,2018,23884.840527410757,11811.674747593865,11398.534721087284,50.889996333432606,1.7297164954166278
wsa,92,USS,2018,23779.036572767836,13383.279939756025,10394.756633011812,56.284209584753654,12.56789061911247
wsa,92,PRE,2016,27918.922714426277,12381.982080978903,13500.714900824883,47.838840325193935,-4.007077319168584
wsa,92,USS,2016,27617.588237113192,12829.721838862744,13640.995259932415,48.467602109074335,-2.937524501069438
wsa,92,GOV,2014,20312.379397089855,9702.342024688382,10286.714011997276,48.53827017584921,-2.876925326594759
wsa,92,PRE,2012,27738.299499333865,14826.955189713708,12420.075087044972,54.4167751094727,8.677100421121835
wsa,92,GOV,2012,20454.924842832905,9696.717928065911,10555.266592186348,47.88033448459859,-4.197271174141032
wsa,92,USS,2012,27162.961721979853,14005.101594800388,12212.253005026363,53.41920193158213,6.600342805487519
wsa,93,WSC,2025,25084.435490120108,15515.660596667958,9551.665246028671,61.895954494836744,23.775680951593664
wsa,93,PRE,2024,36032,19236,16249,54.20882062843455,8.28985346358792
wsa,93,WSA,2024,35044,18474,16527,52.7813491043113,5.555872617281132
wsa,93,GOV,2022,27503.101651673307,15592.32607061185,11610.88824889546,57.31795473680719,14.476322969464633
wsa,93,USS,2022,27257.904305206917,14835.91030892837,12370.92852445554,54.530077528610555,9.043181591924371
wsa,93,PRE,2020,32422.47449584816,17207.34994068802,14511.153024911033,54.250195727555614,8.315827085074107
wsa,93,GOV,2018,27431.119006405504,14948.147047684535,11857.00854272156,55.76594023962564,11.268729154800994
wsa,93,USS,2018,27340.13177679935,16520.991716138782,10785.14006066057,60.50286379331048,20.97960500814271
wsa,93,PRE,2016,31853.993492176854,15804.694763220006,13564.474044434934,53.813898740983724,7.032778227116976
wsa,93,USS,2016,31281.036909513048,15833.693469686285,14341.455739519884,52.472626928570634,4.770422842705024
wsa,93,GOV,2014,23965.392163180808,12080.27250091519,11580.14520305331,51.05688602821664,2.0868729977648828
wsa,93,PRE,2012,31657.982517575783,17826.572476966674,13313.44123808479,57.246514533004955,14.255902871815346
wsa,93,GOV,2012,23027.30502729548,11427.837981440358,11422.46704585512,50.011752437393774,0.023324203934721455
wsa,93,USS,2012,31041.024168531756,16807.619395404097,13234.47251704307,55.94690091617852,11.511046990464152
wsa,94,WSC,2025,24662.649107901445,13851.38147833475,10810.267629566693,56.16567415151832,12.330848302073683
wsa,94,PRE,2024,37049,17881,18675,48.91399496662655,-2.1431077761882964
wsa,94,WSA,2024,36657,18436,18219,50.29600327376893,0.5919742477562273
wsa,94,GOV,2022,27657.527239598545,14196.988401573317,13116.287998840016,51.97834266912948,3.907436819536109
wsa,94,USS,2022,27711.773668874594,13413.707491575828,14249.29509464328,48.48970190335788,-3.0152801226359993
wsa,94,PRE,2020,34831,17094,17085,50.01316597910998,0.025839051419712655
wsa,94,GOV,2018,27451.746828322342,13390.849265951334,13462.907713847757,49.86583171965355,-0.2624913028196785
wsa,94,USS,2018,27352.749289286403,15414.830808720884,11935.918480565517,56.359811739267585,12.718693435025186
wsa,94,PRE,2016,30415.419214965303,13764.68218844668,14645.776908752769,48.4493479720063,-2.896868572084527
wsa,94,USS,2016,30093.43230132338,14160.674087367868,14992.778778232492,48.57288827038655,-2.765070738800479
wsa,94,GOV,2014,23786.788357090853,11152.878182279035,12345.912943396384,47.461497583563336,-5.015535276168154
wsa,94,PRE,2012,29919.182257612036,15745.832402063576,13790.611883136617,53.30984410318249,6.535006545606742
wsa,94,GOV,2012,24179.731434565205,11038.701069719242,12981.654465847469,45.95561066269124,-8.035463095966211
wsa,94,USS,2012,29452.226597783843,14706.476206719748,13922.44716763604,51.36929536055484,2.6620365576798255
wsa,95,WSC,2025,21339.350892098555,12977.618521665248,8359.732370433305,60.82113279803163,21.640237205817897
wsa,95,PRE,2024,32720,16489,15775,51.10649640466154,2.1821515892420598
wsa,95,WSA,2024,31660,16461,15191,52.006192341716165,4.011370814908405
wsa,95,GOV,2022,24888.27332814052,13890.868049500934,10670.148993256167,56.5565669586035,12.940709119435711
wsa,95,USS,2022,24894.52511772231,13371.886018387437,11469.39676776349,53.82928946745976,7.64219940580258
wsa,95,PRE,2020,30240,16097,13543,54.30836707152496,8.445767195767202
wsa,95,GOV,2018,26223.226736245528,14709.132409079048,10822.08496695437,57.612342539086114,14.822918175634092
wsa,95,USS,2018,26103.22440116448,16276.150111011437,9819.074290153045,62.37214082085121,24.736698124429175
wsa,95,PRE,2016,30040.51928064382,14874.282130178231,12688.20422058185,53.965676176264296,7.277097606648065
wsa,95,USS,2016,29418.50814388665,15019.291334804726,13254.198267975698,53.121463058906336,5.999940779443724
wsa,95,GOV,2014,21880.194468869908,11383.111585230568,10178.08051068709,52.79444445646314,5.507405687174938
wsa,95,PRE,2012,29504.673908079636,17267.520294334972,11724.944374416194,59.55864908907298,18.785416633264273
wsa,95,GOV,2012,20610.58645578364,10484.312596998756,9926.64968728576,51.36608676736023,2.7057110233586146
wsa,95,USS,2012,28869.643491486164,15798.798508796192,12161.136023105144,56.5051341260127,12.600302760107917
wsa,96,WSC,2025,24000,14692,9298,61.242184243434764,22.474999999999994
wsa,96,PRE,2024,33139,17673,14921,54.221635883905016,8.30441473792209
wsa,96,WSA,2024,32595,16615,15963,51.00067530235128,2.0003067955207845
wsa,96,GOV,2022,26366.19943226094,15100.14354892575,10897.563007903818,58.08259861660359,15.93927312815427
wsa,96,USS,2022,26338.701213403096,14329.406490036736,11956.308137593232,54.51404572038731,9.00992927941296
wsa,96,PRE,2020,32226,17571,14057,55.55520424939927,10.904238813380502
wsa,96,GOV,2018,26788.02643543213,14965.018324969618,11223.007319197875,57.144507678082924,13.968968616598943
wsa,96,USS,2018,26652.026309549117,16811.01908026768,9836.00722928144,63.08778655066419,26.17066248537798
wsa,96,PRE,2016,29146.061504390877,14745.03568137509,12412.018870665384,54.29541577537247,8.004569709558302
wsa,96,USS,2016,28790.05955478997,15432.034577827406,12333.02295379181,55.5807765219042,10.764172328778654
wsa,96,GOV,2014,23554.01717403924,12792.010232490396,10428.006545916527,55.09044353657021,10.036520178729536
wsa,96,PRE,2012,29905.010274336175,17743.57929849828,11591.38112752814,60.486119772487946,20.572466334344718
wsa,96,GOV,2012,24308.57171075135,12619.941891783736,11445.631560706475,52.43981373100367,4.830848743605448
wsa,96,USS,2012,29437.996753290405,16734.658618167214,11783.353398241286,58.681013980001616,16.819436666907368
wsa,97,WSC,2025,31844.530562347187,10984.547677261613,20846.26039119804,34.509170026839264,-30.968309281961492
wsa,97,PRE,2024,42897,13909,28349,32.914477732027066,-33.662027647621045
wsa,97,WSA,2024,41505,12011,29443,28.974284749360734,-41.99975906517287
wsa,97,GOV,2022,35510.00943396227,11629.34433962264,23583.084905660377,33.02624836990047,-33.663017150891015
wsa,97,USS,2022,35448.01886792453,10927.033018867924,24449.396226415098,30.88789132194539,-38.147021016689344
wsa,97,PRE,2020,41827.0125,13536.9625,27616.5125,32.893850397809665,-33.66138090785232
wsa,97,GOV,2018,34489.01391832682,9646.639960684874,24428.342766545986,28.3100362453766,-42.85916332912722
wsa,97,USS,2018,34253.149658106915,11177.283156910924,23039.866504301062,32.66573419346297,-34.63209505051324
wsa,97,PRE,2016,36661.81203967118,10338.443154201124,23919.358709506178,30.178361108316366,-37.043765159805396
wsa,97,USS,2016,36701.765874086115,9459.153534141888,26558.650544212334,26.26243819185689,-46.590393140030976
wsa,97,GOV,2014,32089.66985694691,7685.147959607976,24205.676525206465,24.098304398707025,-51.482388691580915
wsa,97,PRE,2012,37258.15959253725,10514.560663052369,26393.927758744932,28.488190962712828,-42.61983755867848
wsa,97,GOV,2012,33802.13926045652,8205.24253664085,25480.97055758931,24.35786567545718,-51.10838662557223
wsa,97,USS,2012,36795.56050839509,10132.977495874433,25858.39001156503,28.15391077813293,-42.73725497972171
wsa,98,WSC,2025,30422.3410694416,10421.852635330342,19989.22809655062,34.26991867607244,-31.448518177420752
wsa,98,PRE,2024,41920,13278,28055,32.12445261655336,-35.25047709923664
wsa,98,WSA,2024,40551,11698,28823,28.868981515757262,-42.23077112771571
wsa,98,GOV,2022,33770.33519329163,10559.484960640277,22965.67094394449,31.497198672821693,-36.736934686300245
wsa,98,USS,2022,33706.92902098559,9927.714155096724,23745.214865888865,29.482775760046266,-40.99305725000787
wsa,98,PRE,2020,39443.59150760719,12248.333278008298,26684.842213001382,31.459887675580546,-36.60039155463017
wsa,98,GOV,2018,31778.66586774153,8309.038698833321,23081.285424176014,26.470063406394505,-46.484791988508164
wsa,98,USS,2018,31598.850074657825,10124.532890627608,21459.317184030217,32.05604404369721,-35.870875891439695
wsa,98,PRE,2016,34003.88813548992,9224.692445916717,22845.05590310877,28.76446782656787,-40.05531191880512
wsa,98,USS,2016,34204.30871575043,8544.580676581907,24999.07915698476,25.473012542392485,-48.10650791730772
wsa,98,GOV,2014,29289.3827918367,6668.552947346013,22410.77117566333,22.932283154646797,-53.74718320354931
wsa,98,PRE,2012,34654.49214044595,9800.134109231212,24508.189606159736,28.564887607245016,-42.44198829208192
wsa,98,GOV,2012,30817.65000953378,7115.312069089902,23604.07322512541,23.1622866178568,-53.5042780709578
wsa,98,USS,2012,34292.69674665388,9583.537115589708,23823.711841943845,28.686998824033843,-41.52538609476266
wsa,99,WSC,2025,30340,10844.000000000002,19481,35.75927452596868,-28.46736980883322
wsa,99,PRE,2024,41608,13863,27129,33.81879391100703,-31.88329167467795
wsa,99,WSA,2024,32962,0,32132,0,-97.48194891086706
wsa,99,GOV,2022,33663,11216,22171,33.59391379878396,-32.543148263672286
wsa,99,USS,2022,33597,10562,22966,31.502028155571466,-36.91996309194273
wsa,99,PRE,2020,39761.9875,13098.0375,26041.4875,33.46498839727871,-32.55232148543882
wsa,99,GOV,2018,32078.98468128729,8738.359710177867,22933.656190151003,27.590159520244274,-44.25107783493444
wsa,99,USS,2018,31937.848957032536,10508.716458060584,21390.13249897195,32.943873530407735,-34.07059772732546
wsa,99,PRE,2016,34473.1850077727,9597.55612504642,22753.639229394696,29.66677434912427,-38.16323644415786
wsa,99,USS,2016,34541.23116703538,8741.845833619116,25119.34717972728,25.816709500381503,-47.414353202725806
wsa,99,GOV,2014,29404.32885755473,6769.851782671339,22390.322453226003,23.216088243867144,-53.12303078307248
wsa,99,PRE,2012,34500.93742921931,9760.43906074676,24418.68316404395,28.55672827568212,-42.48650962997581
wsa,99,GOV,2012,30136.039243853073,7177.031404401492,22822.23301702433,23.924024614668795,-51.91525497437103
wsa,99,USS,2012,34062.82206534685,9316.397592769565,23952.48248930392,28.003339967519942,-42.96791636481608
wss,1,WSC,2025,78559.43763808603,35199.51680908647,43322.14006235532,44.82778154658181,-10.339462065256644
wss,1,PRE,2024,114756,44924,68197,39.713227429036166,-20.280421067308023
wss,1,WSS,2024,NA,NA,NA,NA,NA
wss,1,GOV,2022,89807.11202792823,36473.86126942594,52341.70702071713,41.0669682935237,-17.668807506421764
wss,1,USS,2022,89662.46224735743,34662.76413045763,54878.29925059569,38.71158418450521,-22.54626363524147
wss,1,PRE,2020,108317.30958904108,42479.08493150685,64127.546575342465,39.84656895268061,-19.986151544910495
wss,1,GOV,2018,85232.10288084479,33544.68463228917,50267.59890796686,40.02358987889557,-19.620440785153992
wss,1,USS,2018,84808.41550117866,39913.59054801297,44850.82495316568,47.0876727126821,-5.821632648099745
wss,1,PRE,2016,94492.9281596754,34918.488174528844,54064.45344209714,39.241777738672226,-20.26179698359563
wss,1,USS,2016,94127.05066999908,33907.36310966464,56951.391674020146,37.3187627217551,-24.481834287091157
wss,1,GOV,2014,78238.41530843527,28648.27901428905,48817.06993082334,36.98205637024577,-25.778629126144615
wss,1,PRE,2012,94534.28252183826,43316.694836554685,50027.42584122402,46.4053809945703,-7.098727388256321
wss,1,GOV,2012,80770.78745014512,28427.334888295012,51912.52322881299,35.38385000239569,-29.076339456284177
wss,1,USS,2012,93164.23165457822,42116.87450230123,48047.957715791,46.71097751330388,-6.366266439549722
wss,10,WSC,2025,72924,33479,39365,45.95985942562188,-8.071416817508636
wss,10,PRE,2024,109788,42448,65008,39.50268016676593,-20.548693846322003
wss,10,WSS,2024,106899,40158,66652,37.59760322067222,-24.784142040617773
wss,10,GOV,2022,80095.03433476394,33637.38197424893,45355.63519313305,42.58272842392273,-14.630436600984142
wss,10,USS,2022,80039.03433476394,32156.330472103004,47797.70386266094,40.218521478811056,-19.542181537495516
wss,10,PRE,2020,102888,41495,59008,41.28732475647493,-17.021421351372368
wss,10,GOV,2018,75206.99886890006,32195.99948802845,40819.99939277793,44.094445027844124,-11.467017743631459
wss,10,USS,2018,74831.99884508744,36807.99940468425,37982.99944040319,49.21447764178635,-1.5701839505200932
wss,10,PRE,2016,89301.01594595329,33443.00674780748,49275.00807337125,40.43013703859451,-17.728803147262745
wss,10,USS,2016,87758.01599344482,34572.00767137289,50023.00756430697,40.8676652815252,-17.60636873797171
wss,10,GOV,2014,64474.99903558847,26779.999499934765,36818.99953565371,42.10758016010491,-15.57037640307321
wss,10,PRE,2012,87510.17202064792,40714.08919388413,45344.079480019514,47.30996466838633,-5.290802405282608
wss,10,GOV,2012,65739.13864704652,26343.05716672083,39073.079039838245,40.26996807567411,-19.36444884297147
wss,10,USS,2012,85970.17097462178,40326.08604273646,43384.07894541905,48.173463818214145,-3.5570394568428974
wss,11,WSC,2025,73555,30125,43376,40.98583692738874,-18.015090748419542
wss,11,PRE,2024,107659,38027,68086,35.8363254266678,-27.920564003009503
wss,11,WSS,2024,NA,NA,NA,NA,NA
wss,11,GOV,2022,81205.39523673044,30133.50494271243,49956.93824350976,37.62434535746987,-24.411473206931554
wss,11,USS,2022,81106.9801435446,28812.04727221451,52064.880529299146,35.62455703426865,-28.66933674010715
wss,11,PRE,2020,102876,37413,63698,37.00190879330636,-25.550176912010574
wss,11,GOV,2018,78741.34005892917,28046.158373061793,48817.177674866776,36.48834387772793,-26.378798336757008
wss,11,USS,2018,78246.3386003835,33237.18376809055,44877.154103020104,42.54940216344431,-14.876057516731523
wss,11,PRE,2016,87052.43855245152,29319.21336979544,52101.19860371963,36.00965981274152,-26.17041591568674
wss,11,USS,2016,86554.43707584395,28990.200080327213,54689.22001452956,34.644360641439306,-29.691164084035798
wss,11,GOV,2014,68003.2343110696,22617.095106994075,44616.13811016627,33.6397552590426,-32.34999515249701
wss,11,PRE,2012,88636.91603503385,35966.49511315052,51599.40729491587,41.073630401869025,-17.637021774975143
wss,11,GOV,2012,71315.57536084771,24338.264968811443,46601.308877928765,34.30844541213695,-31.217646070257665
wss,11,USS,2012,87013.89786574391,34621.466345108136,49275.38155508848,41.26670692836244,-16.840890443260303
wss,12,WSC,2025,75331,29732,45542,39.49836596965752,-20.98737571517702
wss,12,PRE,2024,113252,39424,72384,35.26044647967945,-29.103238794899873
wss,12,WSS,2024,109936,35628,74162,32.45104290008197,-35.05130257604424
wss,12,GOV,2022,89951,32829,55895,37.001262341643745,-25.64284999610899
wss,12,USS,2022,89726,31136,58433,34.76202704060557,-30.422619976372513
wss,12,PRE,2020,108131.54010349288,38908.036869340234,67786.1151358344,36.46688795788283,-26.70643388492841
wss,12,GOV,2018,86526.97293143095,31375.75794032829,52844.973514302634,37.254197866032754,-24.812165324433348
wss,12,USS,2018,85829.00065218571,38412.69612677362,47353.28915820738,44.787797865478844,-10.416750706051802
wss,12,PRE,2016,96499.6784774385,32965.06790213618,58713.04775595352,35.9574012462017,-26.681933308033962
wss,12,USS,2016,94975.5481528907,34170.20669710309,56904.096392858184,37.519042735194454,-23.9365711889952
wss,12,GOV,2014,78090.07807695835,30083.51152210825,47045.47133796717,39.00415953453536,-21.721017872645454
wss,12,PRE,2012,98257.38058123704,45489.753420655536,51557.64759363152,46.87374720520198,-6.175509806064062
wss,12,GOV,2012,80872.67546652157,30661.75165253378,49575.97754709279,38.213633359749274,-23.38765941085853
wss,12,USS,2012,95948.20350905086,44371.21749500346,48068.7834549668,48.00001843251575,-3.8537104653705576
wss,13,WSC,2025,67777.3018771544,26332.05307815887,41434.58330603778,38.856957469265176,-22.28257810446935
wss,13,PRE,2024,100708,34081,65085,34.36762600084706,-30.786034873098462
wss,13,WSS,2024,NA,NA,NA,NA,NA
wss,13,GOV,2022,78432.53603904175,27577.905882429903,49904.11297510173,35.592652707124444,-28.46549177188201
wss,13,USS,2022,78055.25290000132,26595.52589132682,51401.98454292107,34.097916386378664,-31.78063964942176
wss,13,PRE,2020,97397,33846,61987,35.3176880615237,-28.893087056069483
wss,13,GOV,2018,75632.97452908398,27979.990649033574,46202.98415918374,37.71753656599682,-24.093979674358412
wss,13,USS,2018,74904.97480821732,32612.98953250027,42252.985275717045,43.56183114698542,-12.869633516196366
wss,13,PRE,2016,86333.94327175859,28422.98185779392,52709.964392535825,35.03260163891608,-28.131441255141443
wss,13,USS,2016,85965.94340714818,30018.98104545633,53119.96398636703,36.107002601447334,-26.872249666941737
wss,13,GOV,2014,72383.97424995065,25961.990858383568,45617.98360091708,36.269907965872754,-27.155172047695235
wss,13,PRE,2012,89073.19799349985,38522.59692618776,49439.609172538425,43.79448701292363,-12.256225769672419
wss,13,GOV,2012,77156.39715839108,28089.741621393216,48492.65131890733,36.67911192497007,-26.44357493213408
wss,13,USS,2012,87694.21664866866,36510.61388960883,48536.61843800034,42.92980840219096,-13.713566307994473
wss,14,WSC,2025,72967.48533109808,42754.52263202012,30179.799664710812,58.62057983904303,17.23332373350966
wss,14,PRE,2024,105570,52788,51050,50.83688052543385,1.6463010324902938
wss,14,WSS,2024,102733,52483,50149,51.1370722581651,2.271908734291811
wss,14,GOV,2022,81398.01419878296,44357.817444219065,36136.1967545639,55.1069764450755,10.100517525620539
wss,14,USS,2022,81176.53752535497,42348.12576064909,38706.41176470588,52.24645905530214,4.4861657160552575
wss,14,PRE,2020,100492,51405,47458,51.99619675712855,3.9276758348923355
wss,14,GOV,2018,79363.11891491547,43721.05777098382,33960.059651624964,56.28273539517723,12.299161440244733
wss,14,USS,2018,79183.11848108785,47126.06230008377,31997.055964090272,59.56042094137468,19.106353255848248
wss,14,PRE,2016,86314.27396544596,41459.11834734571,39406.14193852683,51.26938094403039,2.3784900393656216
wss,14,USS,2016,85897.27101883083,45481.13090019916,37895.13549509984,54.549253482479664,8.831474289138107
wss,14,GOV,2014,70825.11928351819,37108.05936279952,32787.05720519902,53.091061557495756,6.100945824465487
wss,14,PRE,2012,88011.0481883269,51736.935718581786,35257.070082856706,59.47183974568313,18.724769190864887
wss,14,GOV,2012,74349.262113744815,37697.16355351093,36117.08124428428,51.070309879586986,2.1252158586447356
wss,14,USS,2012,86915.96665844835,47974.80498187568,36937.07733370067,56.49951888191168,12.699309542917137
wss,15,WSC,2025,61864,38056,23755,61.568329261781884,23.116836932626406
wss,15,PRE,2024,94331,50042,42763,53.92166370346425,7.716445283098877
wss,15,WSS,2024,NA,NA,NA,NA,NA
wss,15,GOV,2022,70056,40719,28479,58.844186248157456,17.47173689619733
wss,15,USS,2022,69756,38930,30655,55.94596536609902,11.862778829061305
wss,15,PRE,2020,90843.06046511629,49921.76046511628,39262.02790697674,55.97627256742276,11.734228793659884
wss,15,GOV,2018,73949.00436675944,42985.70306512006,29067.99406580799,59.65787291526647,18.820684765795402
wss,15,USS,2018,73569.94676004106,46125.27913230391,27360.667627737148,62.7674829895301,25.50581090641569
wss,15,PRE,2016,83512.65663357463,43173.01936529329,34404.925178395446,55.65115139262294,10.499120181710037
wss,15,USS,2016,82551.51768920665,46042.50567058122,33824.66465770548,57.64885056191137,14.800262133125115
wss,15,GOV,2014,63529.54499656037,35087.20380689407,27429.20677399007,56.12478944468191,12.054229309085434
wss,15,PRE,2012,88312.3247067431,53719.0916879818,33469.07987576733,61.61282055181552,22.929995195413856
wss,15,GOV,2012,67401.23568989718,37562.747432812634,29267.35212997881,56.206331695675345,12.307482523020303
wss,15,USS,2012,86715.22261141379,51039.80241788211,33073.198986984855,60.68003942958673,20.719088171414572
wss,16,WSC,2025,84414.5642855964,60001.265113320886,24353.127699600394,71.12998281712481,42.229842344638044
wss,16,PRE,2024,113391,72492,39048,64.9919311457773,29.494404317802996
wss,16,WSS,2024,85189,82828,0,100,97.22851541865734
wss,16,GOV,2022,90030.58782218434,60563.68226915337,28661.420942498968,67.87740231074797,35.43491395353679
wss,16,USS,2022,89740.84439254191,58759.302835718554,30772.22994270397,65.62972956258803,31.186549538796747
wss,16,PRE,2020,106342.5516831902,68099.94877701503,36391.86070820457,65.17252319823956,29.81693364221072
wss,16,GOV,2018,85386.38360515365,54629.67838306748,29318.09236913184,65.07579402474634,29.6435859504043
wss,16,USS,2018,85112.4680518356,57565.03022582377,27439.43531845001,67.72000724578588,35.39504328440638
wss,16,PRE,2016,91178.8779351448,53757.54728507552,31395.32313381024,63.130634376304975,24.52566280446163
wss,16,USS,2016,90178.4716123948,55404.85801965639,32708.636911898346,62.878969972413486,25.168114630852212
wss,16,GOV,2014,75056.38284550974,44200.046770660265,30017.534092438204,59.5546853678666,18.895811575964494
wss,16,PRE,2012,91318.8973179699,56894.80032956234,33433.269476814574,62.98684390302972,25.69186832278029
wss,16,GOV,2012,78801.62646221131,45365.40135643761,32963.68978443306,57.91641482836864,15.737887818789742
wss,16,USS,2012,90338.6413529027,53962.34695911036,34722.270164585185,60.84747130818048,21.29772653915053
wss,17,WSC,2025,74857,44121,30685,58.98056305643933,17.94888921543743
wss,17,PRE,2024,104667,52045,50964,50.52471143298158,1.032799258601086
wss,17,WSS,2024,NA,NA,NA,NA,NA
wss,17,GOV,2022,81821,45258,35573,55.99089458252403,11.836814509722437
wss,17,USS,2022,81638,42913,38557,52.67337670308089,5.335750508341707
wss,17,PRE,2020,99697,51553,46412,52.62389628949114,5.1566245724545325
wss,17,GOV,2018,78951,44029,33303,56.935033362644184,13.585641727147218
wss,17,USS,2018,78473,47955,30471,61.14681355672864,22.28027474417953
wss,17,PRE,2016,89490,43994,39449,52.72341598456431,5.078779751927587
wss,17,USS,2016,88653,47732,38486,55.3619893757684,10.429427092145776
wss,17,GOV,2014,72465,38555,32903,53.95477063449859,7.799627406334098
wss,17,PRE,2012,90159.67707907363,53815.51854407647,35115.70879749043,60.51363525815506,20.74076832616155
wss,17,GOV,2012,75286.34390893487,38281.23350288199,36462.27553962055,51.21679995130219,2.4160529902496286
wss,17,USS,2012,88767.00539020977,49801.50188798901,36789.10686368733,57.51374497297883,14.65904472850093
wss,18,WSC,2025,61523.06232739191,37553.991586904005,23937.070740487907,61.072276466713674,22.133034883657665
wss,18,PRE,2024,91318,48875,40917,54.43135245901639,8.714601721456889
wss,18,WSS,2024,88032,46878,41079,53.296497152017466,6.587377317339155
wss,18,GOV,2022,71180.1142901848,39756.72465376297,30472.098222961435,56.61026772946147,13.043848725713293
wss,18,USS,2022,70888.70200643573,38339.92578034019,32423.7919288346,54.18020282358522,8.345665365643862
wss,18,PRE,2020,91484.13161290322,48553.97677419355,40789.66322580645,54.34519656261324,8.487060445892663
wss,18,GOV,2018,74328.52450850945,38884.85894481012,33487.84982659658,53.72862174833079,7.261020118320339
wss,18,USS,2018,74022.14964157868,43258.12728549628,30681.0223560824,58.50503758183697,16.991002004553028
wss,18,PRE,2016,88031.81566038153,41738.30694138487,39392.21569513904,51.445874604282196,2.6650492536662296
wss,18,USS,2016,87444.55828802353,40605.91099420637,43155.694845123355,48.47795190566909,-2.9158862493404603
wss,18,GOV,2014,67701.84195813564,32253.443786261363,34308.79768587445,48.456066191465695,-3.0358906643692842
wss,18,PRE,2012,89437.8923141457,49003.63918017471,38577.56371525544,55.952233538838094,11.657335828418509
wss,18,GOV,2012,69486.84965836986,32549.533052603645,36425.1460645178,47.19055379341945,-5.5774769340796055
wss,18,USS,2012,87685.8735034796,45906.26583789951,38318.20039566702,54.50466816921682,8.653692024783643
wss,19,WSC,2025,77302.9376726081,32141.008413096,45139.92925951209,41.589827169615525,-16.81555868092474
wss,19,PRE,2024,112701,41027,70091,36.92201083532821,-25.788591050656162
wss,19,WSS,2024,NA,NA,NA,NA,NA
wss,19,GOV,2022,88730.41717834667,33492.82429728599,54311.41576305255,38.14488260962104,-23.462744938887802
wss,19,USS,2022,88453.19659496288,31682.483310568896,56673.69758165492,35.857687589751016,-28.253602168301047
wss,19,PRE,2020,107703.86838709678,39402.02322580645,66413.33677419355,37.236581934613696,-25.079241769948467
wss,19,GOV,2018,84087.75862068965,31289.844827586207,51296.74137931035,37.88732076804658,-23.792876489874093
wss,19,USS,2018,83708.13793103448,36546.51724137931,47112.620689655174,43.68502729672748,-12.62255225051246
wss,19,PRE,2016,92160.79309936689,31140.125260369303,55679.03621048969,35.86780237542555,-26.62619333544881
wss,19,USS,2016,91540.03970777708,30489.56426333896,57845.47094892307,34.515822844327815,-29.884088725449836
wss,19,GOV,2014,76449.53448275862,27263.310344827587,48373.8275862069,36.04487304858906,-27.613663554930202
wss,19,PRE,2012,93027.06906797476,40149.71097269041,51634.94795189096,43.74337873356491,-12.346123654404611
wss,19,GOV,2012,79379.77201803794,27713.235072762556,51142.605782765946,35.14417546258352,-29.515542958071734
wss,19,USS,2012,91524.98096623512,38406.92499105533,50123.247048610196,43.382864967038905,-12.801228619623734
wss,2,WSC,2025,70565.27461813454,29018.246668833282,41518.027949301264,41.13946593569152,-17.713785354213968
wss,2,PRE,2024,108395,38650,68325,36.12993690114513,-27.37672401863555
wss,2,WSS,2024,105459,37430,67979,35.50930186226983,-28.967655676613656
wss,2,GOV,2022,82360.0664798802,30786.375644445605,50599.834214443144,37.827508736215236,-24.057118233188636
wss,2,USS,2022,82159.08045614975,29085.80337958953,52979.61182232293,35.44221802573871,-29.082370822645814
wss,2,PRE,2020,102371.8532974428,36877.51278600269,63956.66352624495,36.57243420306834,-26.451753942134292
wss,2,GOV,2018,77894.6803565148,28909.823785899174,47593.985681109545,37.7887375639329,-23.986441448498358
wss,2,USS,2018,77428.6478808718,33925.92702135232,43456.72091559505,43.84177580611575,-12.309131251919025
wss,2,PRE,2016,87204.37491218386,29255.068667394386,53147.91235204964,35.50243972422707,-27.39867547782519
wss,2,USS,2016,86179.2983412315,28776.232749017065,54327.3193112534,34.62695881897712,-29.648752141222428
wss,2,GOV,2014,69119.30255746754,24486.06679322081,43895.28911031742,35.8081036412351,-28.080755445932475
wss,2,PRE,2012,85606.63243876335,38421.49486819227,46169.2899519029,45.42042605457061,-9.050461235293694
wss,2,GOV,2012,71107.00131478174,24568.357350472637,46130.70768575144,34.75061139476816,-30.32380769345763
wss,2,USS,2012,83966.94110070284,37394.74675753195,43836.64198631499,46.03484851828845,-7.671942248148794
wss,20,WSC,2025,75167.84072502892,26647.495564982644,48499.09949865021,35.46068260633499,-29.0704159157675
wss,20,PRE,2024,108763,34829,72400,32.48095198127372,-34.54391658928128
wss,20,WSS,2024,105092,31434,73552,29.94113500847732,-40.07726563392075
wss,20,GOV,2022,86900.27387729286,27715.626185958256,58376.82985452245,32.19286272066203,-35.28320717591662
wss,20,USS,2022,86766.6375711575,26559.58127767236,60154.05629348513,30.629070607120457,-38.71819394667895
wss,20,PRE,2020,105653.4084923928,33598.6667219917,70432.15778699862,32.296837865673275,-34.862567701882504
wss,20,GOV,2018,83722.33413225847,25172.961301166677,57296.71457582398,30.523899886200507,-38.369395224827976
wss,20,USS,2018,83055.14992534218,30171.467109372392,52842.68281596978,36.344969064318256,-27.296580316785196
wss,20,PRE,2016,94000.11186451008,27573.307554083283,60748.94409689123,31.218981670718136,-35.2931883641018
wss,20,USS,2016,94021.69128424958,26924.419323418093,64505.92084301524,29.448013946362643,-39.97109710139065
wss,20,GOV,2014,79518.6172081633,22001.447052653988,56839.22882433667,27.90621314178133,-43.810849578136626
wss,20,PRE,2012,96959.38758187296,33414.176298095525,62443.99059586405,34.85793373772631,-29.940179101539417
wss,20,GOV,2012,83597.2113191172,23772.410208656536,59367.796689956085,28.593157384905705,-42.57963384139767
wss,20,USS,2012,95386.00733470437,32223.600704196648,60461.24118879204,34.76685080975928,-29.603545922108925
wss,21,WSC,2025,68098.12262969249,37655.819419115105,30398.021655957433,55.332393916716136,10.657852937627228
wss,21,PRE,2024,99982,49550,48319,50.628901899477874,1.2312216198915815
wss,21,WSS,2024,NA,NA,NA,NA,NA
wss,21,GOV,2022,76767.96534659389,39279.86796854565,36731.89791452545,51.676036613818276,3.3190537778571674
wss,21,USS,2022,76764.83326778209,37993.05040397634,38602.55409704202,49.60212880553898,-0.7939881676542249
wss,21,PRE,2020,99201,49970,47688,51.168363062933906,2.300380036491567
wss,21,GOV,2018,82854,38741,42446,47.718230751228646,-4.471721341154317
wss,21,USS,2018,82375,43770,38481,53.21515847831637,6.420637329286799
wss,21,PRE,2016,89813,41679,42782,49.347035910065,-1.2281072895905965
wss,21,USS,2016,89353,39964,47262,45.81661431224635,-8.167604892952667
wss,21,GOV,2014,75567,32726,42005,43.79173301574982,-12.27916947874072
wss,21,PRE,2012,96628,48044,47635,50.21373551144974,0.423272757378812
wss,21,GOV,2012,80746,36042,44262,44.88194859533772,-10.18007083942239
wss,21,USS,2012,94701,46446,45982,50.251006188600854,0.489963147168454
wss,22,WSC,2025,57269.877370307506,34023.180580884895,23188.978344042567,59.46844380672536,18.917802402104485
wss,22,PRE,2024,89799,47606,40787,53.857205887344016,7.593625764206724
wss,22,WSS,2024,65347,62270,0,100,95.29129110747242
wss,22,GOV,2022,65378.63941667567,36346.62708874192,28219.1638419648,56.293939197228816,12.431374099082436
wss,22,USS,2022,65349.186588673314,35627.90232380915,29563.56537365884,54.65117381487167,9.279896608845345
wss,22,PRE,2020,89040,48315,39136,55.248081782941306,10.308849955076365
wss,22,GOV,2018,71069.80893051665,40164.89936034846,28918.913581168792,58.13937831478695,15.823858187341717
wss,22,USS,2018,70622.81038906233,43824.88513952814,26683.925978807023,62.1551894641603,24.27113713868262
wss,22,PRE,2016,78765.56144754848,41865.78663020456,32382.801396280367,56.38597008103478,12.039506936339295
wss,22,USS,2016,78173.56292415605,41360.79991967279,34293.77998547044,54.67058302555051,9.040166099450742
wss,22,GOV,2014,61003.86253207019,33181.936553263164,27059.92707271628,55.08119197519875,10.035445669245119
wss,22,PRE,2012,86608.08396496615,52351.50488684948,33203.59270508413,61.19039818824932,22.108689287608392
wss,22,GOV,2012,65346.4246391523,36670.73503118856,28217.69112207123,56.51352206412906,12.93574048740333
wss,22,USS,2012,84715.10213425609,50194.533654891864,31621.618444911524,61.35039642742193,21.92397192716132
wss,23,WSC,2025,66914.27741935484,24718.452903225807,42168.90967741935,36.95534096358354,-26.078824201942336
wss,23,PRE,2024,99125,30755,66217,31.71534051066287,-35.7750315258512
wss,23,WSS,2024,NA,NA,NA,NA,NA
wss,23,GOV,2022,76112.88294154443,25919.041773640776,49009.41770500989,34.59171849252537,-30.337013970555795
wss,23,USS,2022,75761.43330732947,24140.41347837533,51525.203284215815,31.904072828902486,-36.1460819976213
wss,23,PRE,2020,94495.64417005032,30693.66349861024,62105.07188328573,33.0755191569111,-33.241117789671726
wss,23,GOV,2018,71902.3941664668,26216.881256203007,44464.11786552876,37.09183738482596,-25.377787236236056
wss,23,USS,2018,71489.18767972385,31600.388308938804,39857.799370785055,44.22220788829963,-11.550573352210941
wss,23,PRE,2016,84490.65846390884,27008.705364749087,53112.090250751666,33.709981481416776,-30.894995210805394
wss,23,USS,2016,83596.96159843079,30160.974319526216,50006.78698980669,37.62232327175508,-23.739873185358697
wss,23,GOV,2014,66954.6438587241,24716.130448021635,41394.81588833495,37.38583671495475,-24.91042365262332
wss,23,PRE,2012,84623.23721352736,38643.26340473177,44700.28693087466,46.36623139897895,-7.157636277680296
wss,23,GOV,2012,69947.79914122033,24510.73195499212,44809.007434968255,35.35894994801729,-29.019176770658877
wss,23,USS,2012,83092.61894914784,38155.16072425499,41747.142052245894,47.75226670372803,-4.322864501586082
wss,24,WSC,2025,68407,34250,34117.00000000001,50.09726915032107,0.19442454719544866
wss,24,PRE,2024,101050,42926,56247,43.28395833543404,-13.182582879762489
wss,24,WSS,2024,98341,40599,57695,41.30364010010784,-17.384407317395596
wss,24,GOV,2022,77151,35579,40481,46.77754404417565,-6.353773768324455
wss,24,USS,2022,77050,33756,43151,43.89197342244529,-12.193380921479557
wss,24,PRE,2020,96006,41604,52699,44.11736636162158,-11.556569381080351
wss,24,GOV,2018,77737.96117280956,36198.988075973015,39759.97349266789,47.655980714351294,-4.580754837110912
wss,24,USS,2018,77414.96119662219,41026.98775157956,36299.973445042626,53.056511101294525,6.106073339662399
wss,24,PRE,2016,87999.88067295693,36685.96619120751,45857.91792552107,44.444196664320316,-10.422686558405958
wss,24,USS,2016,86829.88185831867,38982.95858446856,44194.926286957154,46.86697509166942,-6.002504657317193
wss,24,GOV,2014,69834.959986777,32979.98582150959,35792.975796218045,47.954872155757684,-4.0280541082018
wss,24,PRE,2012,89764.93994016414,47872.07423917385,40490.89321302124,54.17662581903775,8.222788352638332
wss,24,GOV,2012,71423.22988482393,33349.2580559768,37346.989868347504,47.172599727887956,-5.597243108183969
wss,24,USS,2012,87603.9547460651,45674.12343162087,39149.89862213898,53.84574124847968,7.447408999278016
wss,25,WSC,2025,75448,36493,38925,48.387652814977855,-3.223412151415539
wss,25,PRE,2024,110663,46977,62028,43.09618824824549,-13.600751832139018
wss,25,WSS,2024,NA,NA,NA,NA,NA
wss,25,GOV,2022,83706.99722863741,38747.77782909931,43910.244341801386,46.87721386435527,-6.167305821043029
wss,25,USS,2022,83750.99907621247,37369.81847575058,46312.18429561201,44.65693606527684,-10.677324352541723
wss,25,PRE,2020,105724,47003,57135,45.13530123489984,-9.5834436835534
wss,25,GOV,2018,79872,38469,39611,49.2686987704918,-1.4297876602564097
wss,25,USS,2018,79383,42362,36997,53.38020892400358,6.758373959160025
wss,25,PRE,2016,93506,39110,49010,44.38266000907853,-10.58755587876714
wss,25,USS,2016,91738,41120,47684,46.30422053060673,-7.155159257886584
wss,25,GOV,2014,69731,34947,34043,50.65516741556747,1.2964104917468577
wss,25,PRE,2012,94248,51071,41703,55.04882833552504,9.939733469145235
wss,25,GOV,2012,74130,37364,36262,50.748376932062044,1.4865776338864156
wss,25,USS,2012,92318,50616,39854,55.94782800928485,11.657531575640723
wss,26,WSC,2025,88231.64850615113,79975.15917650012,8193.489329651016,90.70702628601663,81.35592053665958
wss,26,PRE,2024,111326,92968,16323,85.06464393225426,68.84734922659575
wss,26,WSS,2024,96021,94495,0,100,98.41076431197342
wss,26,GOV,2022,92117.86193999097,81024.59440419766,10558.269327835413,88.47134835319369,76.4958321788522
wss,26,USS,2022,92294.3651821018,80484.04551230554,11634.373749669085,87.37019822649994,74.59791464711016
wss,26,PRE,2020,104509.01283541392,88961.74355578491,13919.000501380437,86.47074277218836,71.8050443865407
wss,26,GOV,2018,96499.19622715793,80615.59700963719,13940.128694759347,85.25723472490765,69.09432505315858
wss,26,USS,2018,96397.321049514,82854.37657695854,13373.02582871471,86.1026843763931,72.07809303388741
wss,26,PRE,2016,103701.42372635196,81918.21351160748,14740.723911202846,84.74975588990469,64.77971775746596
wss,26,USS,2016,102284.53986615078,81744.26938752376,18385.276251531785,81.638510257695,61.94386093822523
wss,26,GOV,2014,81823.63331904521,65164.351710209,15560.46627746615,80.72406149018275,60.622931811556555
wss,26,PRE,2012,100844.84447314248,80339.26158967848,18352.707750227524,81.40405154241195,61.46725116518925
wss,26,GOV,2012,78591.51262215967,63875.21707227005,14237.014364732133,81.77364274093956,63.159749763541164
wss,26,USS,2012,99267.358039182,77541.9574312953,19873.79993906503,79.59898842288135,58.09377687826442
wss,27,WSC,2025,97637,79336,18241,81.30604548202957,62.573614510892384
wss,27,PRE,2024,121736,91653,27859,76.68937010509404,52.40356180587501
wss,27,WSS,2024,NA,NA,NA,NA,NA
wss,27,GOV,2022,102698,80622,21371,79.04660123733981,57.69440495433212
wss,27,USS,2022,102554,78659,23659,76.87699134072207,53.63028258283441
wss,27,PRE,2020,116481.37501627958,87865.54720208378,26635.110883438247,76.73802812247233,52.566718335946746
wss,27,GOV,2018,98542.36231521991,72656.98555815642,24203.76817404631,75.01179038832998,49.16993691415341
wss,27,USS,2018,98317.21080759454,75439.27507606593,22759.857099845,76.82275128554733,53.58107450720285
wss,27,PRE,2016,101112.92464341968,70891.14569485367,23753.993523163437,74.90204597993605,46.61832534062485
wss,27,USS,2016,100789.35536030948,71697.28755404512,27487.387037884924,72.28665905194049,43.86366036186587
wss,27,GOV,2014,84477.38628305035,57370.36216960924,26290.776718117715,68.57468465328942,36.79042027573641
wss,27,PRE,2012,99713.11507059046,68578.85612270462,29950.596074466244,69.60239257746909,38.73939754152907
wss,27,GOV,2012,86850.70715647783,57759.52234783675,28665.99267120864,66.83156280307779,33.498322154373085
wss,27,USS,2012,98712.68928607504,65698.02502763295,31430.9759787908,67.63996782308914,34.71392512621581
wss,28,WSC,2025,82941.46943765282,34621.45232273839,48272.73960880196,41.76583608092969,-16.458940718822507
wss,28,PRE,2024,115594,44183,69682,38.80296842752382,-22.059103413671988
wss,28,WSS,2024,111811,41170,70543,36.85336532006123,-26.27022385990645
wss,28,GOV,2022,92985.056115602,35970.350485383184,56243.35601425546,39.007596430932026,-21.802434042377982
wss,28,USS,2022,92719.22892223342,34001.081522148175,58512.88029366705,36.75237861917584,-26.436586085155756
wss,28,PRE,2020,113125,43052,68164,38.71025751690404,-22.19845303867404
wss,28,GOV,2018,93220.40570528884,31386.748757667105,60436.61092007619,34.18166016558292,-31.16255710605747
wss,28,USS,2018,92685.36949706724,36459.99815098641,56093.36236737095,39.393489276658734,-21.182808379488392
wss,28,PRE,2016,101136.59262500948,34218.39834698303,60299.54759812184,36.20307022632162,-25.788044242148374
wss,28,USS,2016,100888.57495724822,31854.77842330314,66936.58653559162,32.2444967093605,-34.772825493029785
wss,28,GOV,2014,85394.84255242161,24439.140308056147,60313.68664836248,28.83578186792893,-42.010202569650396
wss,28,PRE,2012,104958.01706544263,36347.44655991679,67563.24690435409,34.97950533109921,-29.741225317713333
wss,28,GOV,2012,89916.26516125561,26637.178968954264,62934.90656183006,29.73825920330898,-40.36836664398765
wss,28,USS,2012,102846.29645524232,34854.63197857046,65560.72744714702,34.71045881616773,-29.856296752445083
wss,29,WSC,2025,70202,31469.000000000004,38692,44.8525534128647,-10.288880658670685
wss,29,PRE,2024,102883,40812,60641,40.22749450484461,-19.27334933856905
wss,29,WSS,2024,NA,NA,NA,NA,NA
wss,29,GOV,2022,80578,33062,46495,41.55762535037772,-16.67080344510909
wss,29,USS,2022,80378,31476,48769,39.224873823914265,-21.514593545497522
wss,29,PRE,2020,100439.45989650712,40221.963130659766,58542.884864165586,40.72497851944969,-18.240760904512737
wss,29,GOV,2018,80995.02706856905,31954.24205967171,47498.026485697366,40.21816197913229,-19.191035534646524
wss,29,USS,2018,80588.9993478143,38274.30387322638,42242.71084179262,47.535671818800054,-4.924253931282829
wss,29,PRE,2016,90938.3215225615,34776.93209786382,50930.95224404648,40.57611778063485,-17.76371047509921
wss,29,USS,2016,90251.4518471093,36413.79330289691,50467.903607141816,41.911926905158644,-15.57217088103281
wss,29,GOV,2014,73867.92192304165,28523.48847789175,44544.52866203283,39.036899582575955,-21.688765254331095
wss,29,PRE,2012,91494.61941876296,43077.246579344464,47229.35240636848,47.70110607992174,-4.5380874344317315
wss,29,GOV,2012,76365.32453347843,29108.24834746622,46682.02245290721,38.40631263099115,-23.012766871352298
wss,29,USS,2012,89870.79649094914,42354.78250499654,44511.2165450332,48.758758280789074,-2.399482506259792
wss,3,WSC,2025,35449,25785,9634,72.7999096530111,45.56122880758272
wss,3,PRE,2024,61698,38631,21659,64.07530270359926,27.50818503030892
wss,3,WSS,2024,NA,NA,NA,NA,NA
wss,3,GOV,2022,41456.14863102999,28241.073011734028,12718.143415906128,68.94925116945436,37.44421541418579
wss,3,USS,2022,41662.25684485007,27801.627118644068,13743.481095176012,66.9191351616116,33.74312168402323
wss,3,PRE,2020,60900,40208,19676,67.14314341059382,33.714285714285715
wss,3,GOV,2018,50104.56734103953,33115.18322244779,15782.342963028346,67.72363717713777,34.593333860050116
wss,3,USS,2018,49825.56734103954,35588.25867431403,14123.301807464944,71.58950217899189,43.08020563003036
wss,3,PRE,2016,58759.776549497714,37624.03613629832,17675.596443966177,68.03668375497615,33.94914151099279
wss,3,USS,2016,57273.74912678663,36072.01556926501,19326.67871209944,65.11347611562618,29.237368100517553
wss,3,GOV,2014,42743.1386372541,25786.857407570864,16379.26751116211,61.155388258394694,22.00959077022312
wss,3,PRE,2012,64332.203436471435,43364.83588174563,20250.35582515552,68.16742152022988,35.92987465354867
wss,3,GOV,2012,48441.34055496518,29379.602958129948,18695.78999235277,61.111519126615796,22.055155458909155
wss,3,USS,2012,61198.29253871659,39372.62691185358,20146.685741106976,66.15101075078552,31.415813045083684
wss,30,WSC,2025,59571.28774377942,34252.23652208025,25280.83198834342,57.53480776164429,15.059947289243631
wss,30,PRE,2024,90371,46069,42830,51.82173027818086,3.5841143729736293
wss,30,WSS,2024,88106,46247,41773,52.541467848216314,5.077974258279793
wss,30,GOV,2022,68433.30132309513,36297.17034976877,31287.035174305965,53.70658731327256,7.321194621034549
wss,30,USS,2022,68234.56434481173,34828.027636331884,33239.60930359752,51.16679409198248,2.3278793496908143
wss,30,PRE,2020,89134.8371135161,45124.40228249046,42251.78989841258,51.643818706433464,3.222771788340756
wss,30,GOV,2018,73402.74394766787,36392.73544217727,35187.68746833949,50.841744100439456,1.6416933605328254
wss,30,USS,2018,73015.45877770476,41053.76924449143,31823.689477137745,56.33260265194614,12.641267920338105
wss,30,PRE,2016,82855.6737447016,37824.88872461606,39233.11106224714,49.08625818115828,-1.6996088185465164
wss,30,USS,2016,81669.63391283216,36119.81596495836,42220.83102869584,46.10609862321429,-7.4703592650473105
wss,30,GOV,2014,63861.72531716069,28491.854094603335,34540.88127753352,45.20167802712548,-9.472069777145077
wss,30,PRE,2012,84966.03413683754,44703.87263056112,39148.26308316952,53.312741828281105,6.538624055871911
wss,30,GOV,2012,66878.26621358407,29117.740615581835,37249.49314878613,43.873669225030916,-12.159036101854875
wss,30,USS,2012,82777.84281849436,42673.54282803584,37508.43476469858,53.22086597163531,6.239722959032301
wss,31,WSC,2025,71256.72258064516,42030.54709677419,29181.090322580647,59.02202030443774,18.03262388282187
wss,31,PRE,2024,104240,52455,50186,51.10530879473115,2.176707597851113
wss,31,WSS,2024,NA,NA,NA,NA,NA
wss,31,GOV,2022,78458.08272369162,42365.5762521103,35143.94710185706,54.65854312977374,9.204442550152397
wss,31,USS,2022,77621.53235790659,39992.25604952167,37481.09285312324,51.62066260976663,3.2351373647452055
wss,31,PRE,2020,95978.35582994968,48552.33650138976,45340.92811671427,51.71013778130805,3.3459714504438134
wss,31,GOV,2018,78560.6058335332,41149.11874379699,35414.88213447124,53.74473417242315,7.2991247311360805
wss,31,USS,2018,78218.81232027615,46012.6116910612,32130.200629214945,58.882717840348384,17.748174192422013
wss,31,PRE,2016,89567.34474148537,42334.295634266346,40506.9116727214,51.10294382527112,2.0402346042737496
wss,31,USS,2016,88336.04159576498,43150.02684717036,41771.21481844179,50.811818104448946,1.560871422151966
wss,31,GOV,2014,67574.3561412759,33345.869551978365,33275.18411166505,50.05305037704011,0.10460394201246559
wss,31,PRE,2012,89084.55500985277,49033.54005982189,38591.67863224218,55.95825127939189,11.721292682468743
wss,31,GOV,2012,67414.74587737516,32627.940358715234,34181.84979606145,48.837064572612555,-2.304999324884671
wss,31,USS,2012,87445.16553730308,46457.60401041849,38072.81589456588,54.959627625934814,9.588623984336508
wss,32,WSC,2025,70002,41521,28468.000000000004,59.32503679149581,18.64661009685437
wss,32,PRE,2024,102908,52043,49371,51.31737235490169,2.5964939557663103
wss,32,WSS,2024,100857,52776,48058,52.33948866453776,4.677910308654826
wss,32,GOV,2022,78912,43188,34684,55.46024244914732,10.776561232765614
wss,32,USS,2022,78945,41115,37675,52.18301814951136,4.357464057255056
wss,32,PRE,2020,97297,50762,44685,53.18344211971041,6.245824640019726
wss,32,GOV,2018,80463,43065,35508,54.80890382192356,9.39189441109578
wss,32,USS,2018,80108,48502,31591,60.557102368496615,21.11025116093274
wss,32,PRE,2016,89602,43384,39746,52.1881390593047,4.060177228186873
wss,32,USS,2016,88302,44612,40580,52.366419382101604,4.566147992117953
wss,32,GOV,2014,69221,35328,32952,51.739894551845346,3.432484361682153
wss,32,PRE,2012,89328.86644002785,50756.931994896826,37106.93738508095,57.76769490470812,15.280608781686473
wss,32,GOV,2012,69098.88960110019,34142.95555850173,34353.9357138397,49.84599289732791,-0.30533074634909174
wss,32,USS,2012,87759.86684256041,47239.933333683155,37866.93658898247,55.506604080973545,10.680276853103788
wss,33,WSC,2025,92606.8716317888,32250.400312591963,60316.48848774868,34.84010398378354,-30.30670152291655
wss,33,PRE,2024,126425,41050,83533,32.94992093624331,-33.603322127743716
wss,33,WSS,2024,NA,NA,NA,NA,NA
wss,33,GOV,2022,102943.34462725389,33404.82930026292,68719.75584960487,32.7098800462605,-34.30520610847964
wss,33,USS,2022,102751.94788891012,31416.74717396465,71160.61109230397,30.62737011847544,-38.67942626382932
wss,33,PRE,2020,121032.59150760718,38883.3332780083,80342.84221300138,32.613084432067794,-34.254830387885434
wss,33,GOV,2018,98346.66446735564,26694.03836969606,70443.28438087301,27.480722768365233,-44.484727822872635
wss,33,USS,2018,97789.84868979728,31810.532505599116,65889.31618730324,32.559449099648475,-34.84899929624257
wss,33,PRE,2016,105138.8851829338,29160.69172516426,69518.05384200964,29.551137438521252,-38.38481076399716
wss,33,USS,2016,105447.30575687192,26745.58004434291,76677.07688092437,25.860465046521806,-47.35208403684364
wss,33,GOV,2014,90783.38150633834,21123.55268962533,69006.7701540958,23.43667705068793,-52.744474451116744
wss,33,PRE,2012,106413.58916220252,30075.13383303034,75320.80052894862,28.53538328123574,-42.5186924453341
wss,33,GOV,2012,94755.82851384336,22497.586010132243,71907.27679973905,23.83096097013746,-52.1442232784533
wss,33,USS,2012,105151.07932039582,29032.912204233704,73634.5843428128,28.278582005678516,-42.4167516176202
wss,4,WSC,2025,49443.84551931008,42578.01424821897,6816.831271091114,86.19930642676839,72.3268641456326
wss,4,PRE,2024,80849,67190,12223,84.60831350030851,67.98723546364211
wss,4,WSS,2024,68276,67215,0,100,98.4460132403773
wss,4,GOV,2022,58131,49219,8390,85.4363033553785,70.23619067279077
wss,4,USS,2022,58659,49610,8946,84.72231709816245,69.32269557953596
wss,4,PRE,2020,82273.08629313146,68621.39803069839,12501.128961118884,84.58981811256957,68.21218407879842
wss,4,GOV,2018,71765.08585196074,58700.845866628355,11976.912468716668,83.05419873124758,65.10677559042468
wss,4,USS,2018,71848.19963808234,61159.84273898286,10583.177708159692,85.24849157144565,70.39378200927887
wss,4,PRE,2016,82902.04548710202,67795.31700780855,11965.782342809667,84.99797214402747,67.34397726493359
wss,4,USS,2016,81502.3894899821,65114.47634648882,14895.456970366427,81.38299039523324,61.61662215105371
wss,4,GOV,2014,73656.62247279774,59130.92818964424,13886.618914866434,80.98180579116085,61.42598962026403
wss,4,PRE,2012,99040.58674069372,82541.36894157066,15842.435186600416,83.89731386482939,67.34505110475587
wss,4,GOV,2012,80227.15079538117,64367.58246292095,15451.485030629125,80.64186225693791,60.971998815029615
wss,4,USS,2012,95761.79551836624,77680.71604040473,16690.821184349614,82.31371271975901,63.68917220684088
wss,5,WSC,2025,80414,45605,34758,56.74875253537075,13.488944711119954
wss,5,PRE,2024,110673,57419,50929,52.99497914128549,5.864122233968539
wss,5,WSS,2024,NA,NA,NA,NA,NA
wss,5,GOV,2022,89279.78581940575,46925.23216326015,41539.41566417803,53.04405015525968,6.03251503086768
wss,5,USS,2022,89145.49536499199,45055.25834033984,43869.24238474185,50.66686680606994,1.3304272422762775
wss,5,PRE,2020,108340.68984518084,55048.24121260227,51351.87148678365,51.737014008745476,3.4118019103448027
wss,5,GOV,2018,92546.5076472595,40476.7768563072,50507.017670862515,44.487897066350605,-10.838054368064887
wss,5,USS,2018,92121.17934815193,45444.675962478,46498.53122934239,49.42689878945285,-1.1439880322000329
wss,5,PRE,2016,99701.12667534474,43354.03617083657,49004.4576618736,46.941038524690704,-5.667359717444737
wss,5,USS,2016,99518.80369964434,40132.15516953401,57256.24819100875,41.20835108155566,-17.20689194893923
wss,5,GOV,2014,86579.21281572543,31253.285198199104,54518.41197010783,36.43776004207055,-26.87149260807678
wss,5,PRE,2012,105071.20597396285,43483.73125299079,60500.73957647783,41.81752419964976,-16.19569145109454
wss,5,GOV,2012,90742.37584216877,32533.685274170348,57743.79980414534,36.03742975997547,-27.782074577619365
wss,5,USS,2012,103478.29042163795,41494.03248288282,59852.34435327934,40.94278826559592,-17.74122069043932
wss,6,WSC,2025,48941,42989,5902,87.9282485529034,75.77899920312213
wss,6,PRE,2024,80443,66925,11975,84.82256020278834,68.30923759680768
wss,6,WSS,2024,70233,69190,0,100,98.514943117907535
wss,6,GOV,2022,57609,49686,7351,87.11187474797062,73.48678157926713
wss,6,USS,2022,58139,50255,7780,86.59429654518824,73.05767213058361
wss,6,PRE,2020,80730,68450,10993,86.16240575003462,71.17180725876378
wss,6,GOV,2018,70801.43265896046,59067.81677755221,10419.657036971656,85.00498512180219,68.71069964771928
wss,6,USS,2018,71013.43265896046,61368.74132568597,9524.698192535056,86.56476783005144,73.00596688816626
wss,6,PRE,2016,81639.22345050228,67514.96386370168,10436.403556033823,86.61164787547837,69.91560906048365
wss,6,USS,2016,80057.25087321337,64498.98443073499,14054.32128790056,82.10855525515282,63.010736182689584
wss,6,GOV,2014,72167.8613627459,59476.14259242914,12011.732488837892,83.19752478978705,65.76945638587686
wss,6,PRE,2012,99374.4993602154,84066.83647235508,14474.013071595598,85.31166197715802,70.03086692139954
wss,6,GOV,2012,78162.48130671255,64993.10408508634,12732.480487405792,83.61867516669415,66.8615206733367
wss,6,USS,2012,96044.19520285958,79071.68779894542,15362.178007724982,83.73234233661981,66.33353494883944
wss,7,WSC,2025,74453,54186,20213,72.83162408096882,45.630129074718276
wss,7,PRE,2024,104920,66143,36427,64.4857170712684,28.322531452535266
wss,7,WSS,2024,NA,NA,NA,NA,NA
wss,7,GOV,2022,81455,54901,25761,68.06302843966179,35.77435393775705
wss,7,USS,2022,81520,54015,27325,66.40644209491026,32.74043179587831
wss,7,PRE,2020,101802,64327,35438,64.47852453265173,28.377635016993775
wss,7,GOV,2018,86875,53390,31426,62.94802867383512,25.282302158273378
wss,7,USS,2018,86520,57847,28473,67.01459684893419,33.950531668978265
wss,7,PRE,2016,94002,54256,32766,62.34745236836662,22.861215718814492
wss,7,USS,2016,92800,52942,37166,58.753939716784295,17
wss,7,GOV,2014,73874,40611,32178,55.79277088571075,11.415382949346181
wss,7,PRE,2012,99539.22264309764,59220.52904040404,38702.63636363636,60.47652646445245,20.612872124122877
wss,7,GOV,2012,78478.09217171717,43224.63468013468,34772.3930976431,55.41831004546286,10.770192481230694
wss,7,USS,2012,97087.01515151517,55975.47895622896,38483.371632996634,59.259115061277036,18.016937997253212
wss,8,WSC,2025,90699.9726862194,49665.63755146804,40984.841133708054,54.78805878560659,9.570891986695068
wss,8,PRE,2024,121866,61384,58396,51.24728669226916,2.4518733691103356
wss,8,WSS,2024,119317,60471,58686,50.74901180795085,1.4960148176705712
wss,8,GOV,2022,100955.39092941552,51133.88885340147,49057.49920153306,51.03621164063019,2.0567397468849946
wss,8,USS,2022,100829.43340785692,48865.70456723092,51757.728840626,48.56294693221566,-2.8682341808832614
wss,8,PRE,2020,118952.2238616877,58819.36075669934,58168.99955209746,50.27795979142079,0.5467415265460573
wss,8,GOV,2018,99780.85320643098,41360.571115124345,57077.36872761206,42.01690037520252,-15.751316116702391
wss,8,USS,2018,99364.10391211322,47483.41462496253,51763.849610026824,47.84355013810283,-4.307828296675742
wss,8,PRE,2016,105736.23816509986,45235.249195124314,53143.214458294024,45.98084531436219,-7.478954614237332
wss,8,USS,2016,105912.23481200384,40711.59069291302,63315.71057909359,39.135486737718885,-21.34231227044099
wss,8,GOV,2014,90694.22660141376,31175.614901563953,58809.21830534824,34.64541055477469,-30.468977397237683
wss,8,PRE,2012,108113.84928336284,42274.215974668485,64774.08821972013,39.49078529810514,-20.811276625698728
wss,8,GOV,2012,94648.2683544308,32247.721141620532,62082.58603528462,34.18596006598792,-31.521828568422432
wss,8,USS,2012,106606.61448414506,40346.622527703395,64052.38933328258,38.64655594770143,-22.236675388565878
wss,9,WSC,2025,70091,32570.999999999996,37471,46.50209874075554,-6.990911814640971
wss,9,PRE,2024,101068,41838,57676,42.04232570291617,-15.67063759053311
wss,9,WSS,2024,NA,NA,NA,NA,NA
wss,9,GOV,2022,79389,33557,44799,42.82633110419113,-14.160651979493377
wss,9,USS,2022,79174,32022,46978,40.53417721518988,-18.89003965948417
wss,9,PRE,2020,98381,40830,55688,42.30299011583332,-15.102509630924665
wss,9,GOV,2018,78945.18968577344,31725.052367238062,45781.136736677174,40.93228261384802,-17.804864901062018
wss,9,USS,2018,78491.19026763164,37373.06865926769,41017.12160836395,47.67569581305064,-4.642626690551033
wss,9,PRE,2016,89208.41442369072,34739.12223170653,47931.271237977344,42.02123731810438,-14.78800973147598
wss,9,USS,2016,88169.41908013668,33822.1129188146,51052.29219198418,39.849602332601606,-19.542126343726018
wss,9,GOV,2014,74647.18037604223,28096.045966797858,45673.13440924437,38.08642826662408,-23.546888648573542
wss,9,PRE,2012,93441.652819552,43974.35344576774,48356.286312804776,47.62704294127336,-4.689485614621053
wss,9,GOV,2012,78636.42106210656,28660.32324842858,49464.09068415981,36.685488960158935,-26.45563869100877
wss,9,USS,2012,91881.66649232828,41567.3753400482,47150.255049259744,46.853568064930876,-6.0761628759505415
